UBIGEO,DISTRITO,PROVINCIA,DEPARTAMEN,tmin_promedio,tmin_minima,tmin_maxima,tmin_desviacion_estandar,tmin_mediana,tmin_percentil_10,tmin_percentil_90,tmin_amplitud_termica
010101,CHACHAPOYAS,CHACHAPOYAS,AMAZONAS,12.403868357340496,11.032647895812989,13.120786666870117,0.7443162344980654,12.742975997924805,11.418373107910156,13.05025510787964,2.088138771057129
010102,ASUNCION,CHACHAPOYAS,AMAZONAS,10.232676315307618,10.029133796691895,10.436218452453613,0.20354232788106277,10.232676315307618,10.069842262268065,10.395509986877443,0.40708465576171876
010103,BALSAS,CHACHAPOYAS,AMAZONAS,14.49273348721591,9.164225578308105,18.931233596801757,3.2637944102598198,15.66836757659912,10.584344291687012,18.079208755493163,9.767008018493652
010104,CHETO,CHACHAPOYAS,AMAZONAS,11.770264434814454,11.627967262268067,11.850516510009765,0.10098306858889186,11.832309341430664,11.668835678100587,11.846875076293946,0.2225492477416992
010105,CHILIQUIN,CHACHAPOYAS,AMAZONAS,11.065167236328126,9.423779678344726,12.711129188537598,1.1174850558875618,10.918611335754395,9.854567108154296,12.335304832458496,3.287349510192871
010106,CHUQUIBAMBA,CHACHAPOYAS,AMAZONAS,11.24072025844029,5.914128303527832,16.975074005126952,4.302347703186805,10.912474632263184,6.170367069244385,16.681105270385746,11.06094570159912
010107,GRANADA,CHACHAPOYAS,AMAZONAS,7.890342458089192,6.5214227676391605,9.222763061523438,0.8996623536122149,7.78540449142456,6.894959020614624,8.990664196014404,2.7013402938842774
010108,HUANCAS,CHACHAPOYAS,AMAZONAS,13.069466018676758,12.62534408569336,13.513588142395019,0.4441220283508821,13.069466018676758,12.714168491363527,13.424763736724852,0.8882440567016602
010109,LA JALCA,CHACHAPOYAS,AMAZONAS,9.9487455368042,8.607331848144531,11.30260181427002,1.0738737541781302,9.942523765563966,8.797926502227783,11.104541378021242,2.695269966125488
010110,LEIMEBAMBA,CHACHAPOYAS,AMAZONAS,7.717239888509115,5.4495439529418945,10.320940399169922,1.536023449706887,7.467875862121582,5.633730278015136,9.769984931945801,4.871396446228028
010111,LEVANTO,CHACHAPOYAS,AMAZONAS,10.645916366577149,8.879467391967774,12.412365341186524,1.766448974609401,10.645916366577149,9.232757186889648,12.059075546264648,3.53289794921875
010112,MAGDALENA,CHACHAPOYAS,AMAZONAS,10.563195419311523,8.948881912231446,11.875310516357422,1.1714362008986563,10.714294815063477,9.254469661712648,11.751041927337646,2.9264286041259764
010113,MARISCAL CASTILLA,CHACHAPOYAS,AMAZONAS,10.399358367919922,9.395721626281738,11.402994728088379,1.0036365509034118,10.399358367919922,9.596448936462403,11.202267417907715,2.0072731018066405
010114,MOLINOPAMPA,CHACHAPOYAS,AMAZONAS,10.087217407226563,8.225784492492675,11.199107933044434,1.000740740554105,10.256810188293457,8.901884498596191,11.185527114868163,2.973323440551758
010115,MONTEVIDEO,CHACHAPOYAS,AMAZONAS,9.559205627441406,7.833951091766357,10.734701919555665,1.0633354525390333,9.83408432006836,8.409719915390015,10.488787727355957,2.900750827789307
010116,OLLEROS,CHACHAPOYAS,AMAZONAS,9.141724650065104,7.410942649841308,11.157113838195801,1.5425555012068337,8.857117652893066,7.70017765045166,10.697114601135254,3.7461711883544924
010117,QUINJALCA,CHACHAPOYAS,AMAZONAS,9.051491928100585,8.000430583953857,10.102553367614746,1.0510613918304714,9.051491928100585,8.210642862319947,9.892341089248657,2.1021227836608887
010118,SAN FRANCISCO DE DAGUAS,CHACHAPOYAS,AMAZONAS,12.265283966064453,12.250239372253418,12.280328559875489,0.015044593813338988,12.265283966064453,12.253248291015627,12.27731964111328,0.030089187622070312
010119,SAN ISIDRO DE MAINO,CHACHAPOYAS,AMAZONAS,10.25635051727295,8.890291595458985,11.939123153686523,1.182646511488028,10.09799404144287,9.057441139221192,11.581945381164553,3.048831558227539
010120,SOLOCO,CHACHAPOYAS,AMAZONAS,9.819899368286134,8.626527404785156,11.03280849456787,0.9824579656942987,9.800361633300781,8.861294250488282,10.786319122314453,2.406281089782715
010121,SONCHE,CHACHAPOYAS,AMAZONAS,12.610950469970703,11.444912910461426,14.057103157043457,1.0846974601340866,12.330835914611816,11.622097511291503,13.71184970855713,2.6121902465820312
010201,BAGUA,BAGUA,AMAZONAS,21.03336130777995,20.51907272338867,21.330815505981445,0.30609611680271775,21.16921157836914,20.62223529815674,21.308637809753417,0.8117427825927734
010202,ARAMANGO,BAGUA,AMAZONAS,18.235459391276045,14.881763648986816,20.503354644775392,1.7943282827886584,18.767263412475586,15.248411102294924,20.303748626708984,5.621590995788575
010203,COPALLIN,BAGUA,AMAZONAS,18.440106506347657,14.638937950134277,21.040394592285157,2.582447658945725,19.701216888427734,15.228999061584474,20.906593475341797,6.401456642150879
010205,IMAZA,BAGUA,AMAZONAS,19.339022135416666,13.91550121307373,21.811276626586913,1.7606056111201354,19.617262649536134,16.726773681640623,21.138624572753905,7.895775413513183
010206,LA PECA,BAGUA,AMAZONAS,18.80752601623535,16.258586120605468,20.399583053588866,1.5638176390654313,19.2859676361084,17.052263183593748,20.180035934448238,4.140996932983398
010301,JUMBILLA,BONGARA,AMAZONAS,11.191651407877604,9.79452896118164,12.63785171508789,1.1492067929080725,11.301957511901856,9.83051233291626,12.442484474182129,2.84332275390625
010302,CHISQUILLA,BONGARA,AMAZONAS,11.909039306640626,10.737381553649902,13.076730346679687,0.9260151033379861,12.270585250854491,10.805144004821779,12.867522964477539,2.339348793029785
010303,CHURUJA,BONGARA,AMAZONAS,13.23320484161377,13.23320484161377,13.23320484161377,0.0,13.23320484161377,13.23320484161377,13.23320484161377,0.0
010304,COROSHA,BONGARA,AMAZONAS,13.23441390991211,13.23441390991211,13.23441390991211,0.0,13.23441390991211,13.23441390991211,13.23441390991211,0.0
010305,CUISPES,BONGARA,AMAZONAS,14.452001953125,13.195369148254395,15.511595726013184,0.9558230424321295,14.649041175842285,13.486103553771974,15.339084815979003,2.316226577758789
010306,FLORIDA,BONGARA,AMAZONAS,12.77431640625,10.36231346130371,13.875005722045898,1.1875094546173652,13.257809257507324,11.440178108215331,13.825864562988281,3.5126922607421873
010307,JAZAN,BONGARA,AMAZONAS,14.382249069213866,12.713408470153809,15.656556320190429,1.0851882472455991,14.579515075683593,13.17300136566162,15.433682975769042,2.9431478500366213
010309,SAN CARLOS,BONGARA,AMAZONAS,13.472459157307943,11.06905918121338,15.629724884033203,1.8700117931823397,13.71859359741211,11.598966064453123,15.247498626708984,4.560665702819824
010310,SHIPASBAMBA,BONGARA,AMAZONAS,13.54455286661784,11.267146682739257,15.74808578491211,1.8300833654033724,13.618425941467285,11.737402534484863,15.322153816223146,4.480939102172852
010311,VALERA,BONGARA,AMAZONAS,13.278510030110677,12.611135864257813,14.280253791809082,0.7212980858434112,12.94414005279541,12.677736701965333,14.013031044006349,1.6691179275512695
010312,YAMBRASBAMBA,BONGARA,AMAZONAS,15.744977936921297,11.448550415039062,20.547064971923827,2.2266808944802703,15.562673759460449,13.05969919204712,18.905358352661132,9.098514556884766
010401,NIEVA,CONDORCANQUI,AMAZONAS,21.39370331033303,16.59180145263672,22.790608596801757,1.383125751624189,21.973728561401366,19.319296188354492,22.50287826538086,6.198807144165039
010402,EL CENEPA,CONDORCANQUI,AMAZONAS,19.829569611101522,15.462798881530762,22.048093795776367,1.3792778998918118,20.083373260498046,18.01621284484863,21.410756301879882,6.585294914245606
010403,RIO SANTIAGO,CONDORCANQUI,AMAZONAS,21.693560697115384,16.15817050933838,23.075594329833983,1.456959326851275,22.33895034790039,19.72282939910889,22.95612342834473,6.917423820495605
010501,LAMUD,LUYA,AMAZONAS,10.846020253499349,9.512024879455566,12.102667617797852,1.0591071862070673,10.923368835449219,9.794293670654296,11.866807861328127,2.590642738342285
010502,CAMPORREDONDO,LUYA,AMAZONAS,15.542598978678384,12.456875610351563,17.7484920501709,1.6656724799499365,15.655262565612793,13.701357650756837,17.271175956726076,5.291616439819336
010503,COCABAMBA,LUYA,AMAZONAS,14.328008200905538,9.037958145141602,19.066630935668947,3.4498229772237314,14.786255073547363,10.066852951049805,18.83318519592285,10.028672790527343
010504,COLCAMAR,LUYA,AMAZONAS,9.977338790893555,8.723992347717285,11.089890480041504,0.9215882288331312,10.047736167907715,8.959780979156495,10.938578643798829,2.3658981323242188
010505,CONILA,LUYA,AMAZONAS,11.169551467895507,8.661860847473145,13.780508232116699,1.4489919250932606,10.979837226867676,9.728774852752686,12.835724792480468,5.1186473846435545
010506,INGUILPATA,LUYA,AMAZONAS,10.050986633300782,9.430170440673828,11.411934661865235,0.7218619913861734,9.813957595825196,9.456387481689454,10.888423995971678,1.9817642211914062
010507,LONGUITA,LUYA,AMAZONAS,7.940521240234375,7.411998558044433,8.469043731689453,0.5285225868225529,7.940521240234375,7.517703075408936,8.363339214324952,1.0570451736450195
010508,LONYA CHICO,LUYA,AMAZONAS,11.319758033752441,11.319758033752441,11.319758033752441,0.0,11.319758033752441,11.319758033752441,11.319758033752441,0.0
010509,LUYA,LUYA,AMAZONAS,10.318097813924155,9.855592727661133,10.843143272399903,0.405595438987661,10.255557632446289,9.935585708618165,10.72562614440918,0.9875505447387696
010510,LUYA VIEJO,LUYA,AMAZONAS,12.18793182373047,12.18793182373047,12.18793182373047,0.0,12.18793182373047,12.18793182373047,12.18793182373047,0.0
010511,MARIA,LUYA,AMAZONAS,8.448379898071288,7.802554988861084,9.486286735534668,0.7411969833787635,8.056298446655273,7.853303680419922,9.20028907775879,1.683731746673584
010512,OCALLI,LUYA,AMAZONAS,12.943076896667481,11.49293384552002,14.771135330200195,1.2111195376012325,12.754119491577148,11.745611782073976,14.291708335876464,3.2782014846801757
010513,OCUMAL,LUYA,AMAZONAS,13.662346394856772,11.090423965454102,18.03850975036621,1.8187971062953565,13.139771842956543,12.233809204101565,15.57634937286377,6.948085784912109
010514,PISUQUIA,LUYA,AMAZONAS,13.03597229003906,7.912980270385742,18.100650787353516,3.2130509168492436,12.971956062316895,8.904674396514892,17.922620429992676,10.187670516967774
010515,PROVIDENCIA,LUYA,AMAZONAS,16.349542236328126,13.206250953674317,17.76294059753418,1.6535096929614084,17.028263092041016,14.424319496154785,17.65729835510254,4.556689643859864
010516,SAN CRISTOBAL,LUYA,AMAZONAS,12.279790306091309,12.279790306091309,12.279790306091309,0.0,12.279790306091309,12.279790306091309,12.279790306091309,0.0
010517,SAN FRANCISCO DEL YESO,LUYA,AMAZONAS,8.929635838099887,7.892980766296387,10.585004234313965,0.8848038056557893,8.628481101989745,8.010532360076905,10.08733512878418,2.6920234680175783
010518,SAN JERONIMO,LUYA,AMAZONAS,14.266077423095703,10.045157623291015,17.458076858520506,2.7707329454448004,14.871826362609863,10.642507934570313,17.283897399902344,7.412919235229492
010519,SAN JUAN DE LOPECANCHA,LUYA,AMAZONAS,9.933101399739583,9.49432544708252,10.32327480316162,0.34017049337182426,9.981704139709473,9.59180118560791,10.25496067047119,0.8289493560791016
010520,SANTA CATALINA,LUYA,AMAZONAS,13.834981427873885,11.02469367980957,16.23059425354004,1.7297425693109922,13.908217811584473,11.697361030578614,15.73081165313721,5.205900573730469
010521,SANTO TOMAS,LUYA,AMAZONAS,8.147571849822999,8.147571849822999,8.147571849822999,0.0,8.147571849822999,8.147571849822999,8.147571849822999,0.0
010522,TINGO,LUYA,AMAZONAS,10.656957244873047,9.002491760253907,12.132075691223145,1.2839286251053326,10.836304092407227,9.369254226684571,11.872921371459961,3.1295839309692384
010601,SAN NICOLAS,RODRIGUEZ DE MENDOZA,AMAZONAS,13.165055847167968,11.55201416015625,14.754740715026855,1.307625555352338,13.1884126663208,11.87929386138916,14.441475105285644,3.2027265548706056
010602,CHIRIMOTO,RODRIGUEZ DE MENDOZA,AMAZONAS,13.999967651367186,13.13728141784668,15.213223648071288,0.759590165226177,13.714703178405761,13.253226318359376,14.930929565429688,2.0759422302246096
010603,COCHAMAL,RODRIGUEZ DE MENDOZA,AMAZONAS,11.122854919433594,9.26741065979004,12.428258895874023,1.3266967193560724,11.9836576461792,9.468761367797851,12.322619628906251,3.1608482360839845
010604,HUAMBO,RODRIGUEZ DE MENDOZA,AMAZONAS,14.61212107340495,14.242853546142578,14.962741088867187,0.29430929981332676,14.630769348144531,14.320436706542969,14.896346740722654,0.7198875427246094
010605,LIMABAMBA,RODRIGUEZ DE MENDOZA,AMAZONAS,12.210825602213543,7.30455961227417,15.67402458190918,2.2357388542689844,13.018057060241699,8.803969573974609,14.197759437561036,8.36946496963501
010606,LONGAR,RODRIGUEZ DE MENDOZA,AMAZONAS,11.575246429443359,10.716419982910157,13.08018798828125,1.0677067239394256,10.929131126403808,10.758962211608885,12.649976615905763,2.3637680053710937
010607,MARISCAL BENAVIDES,RODRIGUEZ DE MENDOZA,AMAZONAS,11.720507158551898,9.866933250427246,13.499871444702148,1.1995554739062242,11.799746704101562,10.102973937988281,13.024270668029786,3.632938194274902
010608,MILPUC,RODRIGUEZ DE MENDOZA,AMAZONAS,14.788587760925292,14.788587760925292,14.788587760925292,0.0,14.788587760925292,14.788587760925292,14.788587760925292,0.0
010609,OMIA,RODRIGUEZ DE MENDOZA,AMAZONAS,13.330446200900607,10.634111213684083,15.445727157592774,1.4907983953306694,13.726562881469727,11.553611946105956,14.923551712036133,4.811615943908691
010611,TOTORA,RODRIGUEZ DE MENDOZA,AMAZONAS,14.071410369873046,14.071410369873046,14.071410369873046,0.0,14.071410369873046,14.071410369873046,14.071410369873046,0.0
010612,VISTA ALEGRE,RODRIGUEZ DE MENDOZA,AMAZONAS,12.253870307074653,6.993327999114991,16.784226989746095,2.856969831996622,12.353104591369629,8.009333896636964,15.781268272399904,9.790898990631103
010701,BAGUA GRANDE,UTCUBAMBA,AMAZONAS,17.538899297299594,11.66097183227539,21.082062911987304,2.9378160823791526,18.639110565185547,13.041887855529785,20.942716217041017,9.421091079711914
010702,CAJARURO,UTCUBAMBA,AMAZONAS,15.119844563802085,9.512012100219726,20.685633850097656,3.0185964074558043,15.05159912109375,10.988524112701416,19.1388606262207,11.17362174987793
010703,CUMBA,UTCUBAMBA,AMAZONAS,17.488833957248268,12.893511009216308,20.38657989501953,2.1339676724322127,17.661679840087892,15.287355918884277,19.593056030273438,7.493068885803223
010704,EL MILAGRO,UTCUBAMBA,AMAZONAS,20.195894241333008,17.867577362060548,21.364148330688476,1.085987479976543,20.54130744934082,18.723579330444334,21.106469535827635,3.4965709686279296
010705,JAMALCA,UTCUBAMBA,AMAZONAS,14.894945678710936,11.570558547973633,18.440554809570312,2.2578753811224006,14.162050437927245,12.531183509826658,18.08384006500244,6.86999626159668
010706,LONYA GRANDE,UTCUBAMBA,AMAZONAS,15.763797760009766,11.653767967224121,18.86124954223633,2.2418494168250254,16.005374908447266,12.955096797943114,18.754425468444822,7.207481575012207
010707,YAMON,UTCUBAMBA,AMAZONAS,16.31453887939453,13.959671783447266,19.576802444458007,2.297379781047534,15.516408348083496,14.00532112121582,19.1244881439209,5.6171306610107425
020101,HUARAZ,HUARAZ,ANCASH,4.054818197397085,2.151574468612671,6.781851196289063,1.4800813529974135,3.879471683502197,2.351599626541138,5.957624301910402,4.630276727676391
020102,COCHABAMBA,HUARAZ,ANCASH,7.7718382263183585,3.7964377880096434,12.10386962890625,2.774417758517631,7.618279266357422,4.7894458484649665,10.886980056762695,8.307431840896607
020103,COLCABAMBA,HUARAZ,ANCASH,11.318151664733886,11.318151664733886,11.318151664733886,0.0,11.318151664733886,11.318151664733886,11.318151664733886,0.0
020104,HUANCHAY,HUARAZ,ANCASH,6.964710453578405,3.1894373416900637,11.304004859924316,2.6913463280027545,5.778278160095215,4.353145294189454,10.347868499755858,8.114567518234253
020105,INDEPENDENCIA,HUARAZ,ANCASH,3.962505479292436,0.2649525612592697,7.412107372283936,2.2277599240151034,3.2682752132415773,1.4257989645004272,6.7140992164611815,7.147154811024666
020106,JANGAS,HUARAZ,ANCASH,5.403003819783529,3.340061616897583,7.81554946899414,1.843769769133227,5.053400135040283,3.6827293205261227,7.2631196022033695,4.475487852096558
020107,LA LIBERTAD,HUARAZ,ANCASH,4.607622051239014,2.900669002532959,6.489602184295654,1.3569484092860655,4.520108413696289,3.185919241905213,6.099335708618165,3.5889331817626955
020108,OLLEROS,HUARAZ,ANCASH,3.131465034484863,1.9995914220809936,5.305348205566406,1.198722168923052,2.4523829936981203,2.151906266212463,4.591058597564698,3.3057567834854127
020109,PAMPAS GRANDE,HUARAZ,ANCASH,12.870445760091147,8.5471923828125,15.56715793609619,2.33256716246682,13.766922569274902,9.134689979553224,15.460034427642821,7.019965553283692
020110,PARIACOTO,HUARAZ,ANCASH,8.256615753173827,2.0091254711151123,13.990125465393067,4.717366211797968,9.200537300109863,2.6698904514312742,13.362976188659667,11.980999994277955
020111,PIRA,HUARAZ,ANCASH,4.97512215508355,2.461720371246338,9.341730499267578,2.256920576345051,4.614085578918457,2.518879070281982,7.63858367919922,6.88001012802124
020112,TARICA,HUARAZ,ANCASH,4.0378374735514315,1.587088680267334,6.805791568756104,2.1423098660395516,3.720632314682007,2.0137974071502684,6.188759717941284,5.218702888488769
020201,AIJA,AIJA,ANCASH,3.8051033496856688,2.0286900997161865,5.91053524017334,1.3825154308345917,3.6405937671661377,2.5014185953140258,5.24039541721344,3.8818451404571532
020202,CORIS,AIJA,ANCASH,9.60157708062066,2.3397424697875975,16.258043098449708,4.63703640875387,9.555892181396484,3.86676139831543,15.774412727355957,13.91830062866211
020203,HUACLLAN,AIJA,ANCASH,4.1063467502594,4.1063467502594,4.1063467502594,0.0,4.1063467502594,4.1063467502594,4.1063467502594,0.0
020204,LA MERCED,AIJA,ANCASH,3.172050170898437,2.725971555709839,3.768221855163574,0.40440696984873625,3.1111960411071777,2.743722467422485,3.6547379684448247,1.0422502994537353
020205,SUCCHA,AIJA,ANCASH,6.846475505828858,6.212275123596191,7.480675888061524,0.634200382232702,6.846475505828858,6.339115200042724,7.3538358116149904,1.2684007644653321
020301,LLAMELLIN,ANTONIO RAYMONDI,ANCASH,8.704507827758789,6.0172648429870605,11.74389705657959,2.351187268549482,8.352360916137695,6.484284057617186,11.06558982849121,5.726632213592529
020302,ACZO,ANTONIO RAYMONDI,ANCASH,6.44979944229126,5.699995613098144,7.1996033668518065,0.7498038768768538,6.44979944229126,5.849956388473511,7.04964259147644,1.499607753753662
020303,CHACCHO,ANTONIO RAYMONDI,ANCASH,10.527889506022134,8.393192100524903,12.454843330383301,1.6646573089250793,10.735633850097656,8.861680450439453,12.111001434326171,4.061651229858398
020304,CHINGAS,ANTONIO RAYMONDI,ANCASH,8.582621955871582,6.963662624359131,10.201581382751465,1.6189593791961918,8.582621955871582,7.287454500198363,9.877789506912231,3.237918758392334
020305,MIRGAS,ANTONIO RAYMONDI,ANCASH,5.573377009800502,4.198369407653809,8.522461891174316,1.336528953813568,5.057801818847656,4.4894095993041985,6.970638694763186,4.3240924835205075
020306,SAN JUAN DE RONTOY,ANTONIO RAYMONDI,ANCASH,5.4803835550944004,4.195763683319091,6.903316783905029,1.1096852292082902,5.342069911956787,4.425024929046631,6.5910674095153805,2.7075531005859377
020401,CHACAS,ASUNCION,ANCASH,3.8361951192220047,1.4056913375854492,7.795948696136475,1.8580185187233524,3.350852632522583,1.8283804988861085,6.575012874603272,6.390257358551025
020402,ACOCHACA,ASUNCION,ANCASH,4.688320064544678,3.9320541858673095,5.444585990905762,0.7562659025192318,4.688320064544678,4.083307366371154,5.293332810401917,1.5125318050384522
020501,CHIQUIAN,BOLOGNESI,ANCASH,4.605478591918945,3.1209429264068604,7.779494285583496,1.7178060170381992,3.9334977149963377,3.164225645065308,6.65341983795166,4.658551359176636
020502,ABELARDO PARDO LEZAMETA,BOLOGNESI,ANCASH,8.629492568969727,8.629492568969727,8.629492568969727,0.0,8.629492568969727,8.629492568969727,8.629492568969727,0.0
020503,ANTONIO RAYMONDI,BOLOGNESI,ANCASH,12.73701229095459,10.690205764770507,14.340810966491699,1.321841547292958,12.958516120910645,11.294621982574464,14.002199344635011,3.6506052017211914
020504,AQUIA,BOLOGNESI,ANCASH,2.4199725850423177,0.5784073829650879,4.485520744323731,1.0141633313663263,2.4005457878112795,1.1901660776138308,3.6329207897186278,3.9071133613586424
020505,CAJACAY,BOLOGNESI,ANCASH,4.69426856994629,1.7238415002822876,8.540472602844238,2.338743432499813,4.332987880706787,2.2823280477523804,7.425877075195314,6.816631102561951
020506,CANIS,BOLOGNESI,ANCASH,2.9575571537017824,2.9575571537017824,2.9575571537017824,0.0,2.9575571537017824,2.9575571537017824,2.9575571537017824,0.0
020507,COLQUIOC,BOLOGNESI,ANCASH,13.797984008789063,8.502750968933105,15.98553295135498,2.1433183462242154,14.58122901916504,11.330643844604491,15.592085933685302,7.482781982421875
020508,HUALLANCA,BOLOGNESI,ANCASH,3.4184334648980035,2.076475739479065,4.859045219421387,0.8069882225439697,3.3889010906219483,2.365564155578613,4.654571361541748,2.782569479942322
020509,HUASTA,BOLOGNESI,ANCASH,3.898300229586088,2.1504466772079467,6.780416870117188,1.4740226473147549,3.760626935958862,2.269202356338501,6.139868812561036,4.629970192909241
020510,HUAYLLACAYAN,BOLOGNESI,ANCASH,6.071952438354492,2.61020884513855,10.160633850097657,3.140934689188781,5.530104637145996,2.70262209892273,9.78340950012207,7.550425004959107
020511,LA PRIMAVERA,BOLOGNESI,ANCASH,9.69145908355713,8.927161598205567,10.455756378173827,0.7642973899842209,9.69145908355713,9.080021076202394,10.302896900177,1.5285947799682618
020512,MANGAS,BOLOGNESI,ANCASH,8.76020851135254,5.037366008758545,11.225121879577637,2.2947638137398614,9.389173126220703,6.219747171401979,10.797498226165773,6.187755870819092
020513,PACLLON,BOLOGNESI,ANCASH,5.054850551060268,2.5884562015533445,8.004881381988525,1.7587526220163305,5.354196166992187,3.160652780532837,7.105446662902833,5.416425180435181
020514,SAN MIGUEL DE CORPANQUI,BOLOGNESI,ANCASH,3.23931770324707,3.23931770324707,3.23931770324707,0.0,3.23931770324707,3.23931770324707,3.23931770324707,0.0
020515,TICLLOS,BOLOGNESI,ANCASH,2.663016939163208,2.2731557369232176,3.0528780460357665,0.389861154556289,2.663016939163208,2.351127967834473,2.974905815124512,0.7797223091125488
020601,CARHUAZ,CARHUAZ,ANCASH,5.845083618164063,2.7523305416107178,8.987983131408692,1.8580253170061773,6.339532470703125,3.8208938026428223,7.749205741882325,6.235652589797974
020602,ACOPAMPA,CARHUAZ,ANCASH,8.231689739227296,8.231689739227296,8.231689739227296,0.0,8.231689739227296,8.231689739227296,8.231689739227296,0.0
020603,AMASHCA,CARHUAZ,ANCASH,8.915531158447266,8.915531158447266,8.915531158447266,0.0,8.915531158447266,8.915531158447266,8.915531158447266,0.0
020604,ANTA,CARHUAZ,ANCASH,3.7999224185943605,3.7999224185943605,3.7999224185943605,0.0,3.7999224185943605,3.7999224185943605,3.7999224185943605,0.0
020605,ATAQUERO,CARHUAZ,ANCASH,2.644543933868408,2.644543933868408,2.644543933868408,0.0,2.644543933868408,2.644543933868408,2.644543933868408,0.0
020606,MARCARA,CARHUAZ,ANCASH,4.897734298706054,0.2002073936164379,8.099245166778564,3.1039562944228427,5.61982479095459,1.1372996909916402,8.070129413604736,7.899037773162126
020608,SAN MIGUEL DE ACO,CARHUAZ,ANCASH,3.420258712768555,-0.04828612506389618,8.285807228088379,2.7193057120078308,2.941820764541626,0.9331378144025804,6.378155689239502,8.334093353152275
020609,SHILLA,CARHUAZ,ANCASH,2.9378631591796873,-0.14101708829402923,7.083178329467773,2.6194821477453627,2.4046457290649412,0.5245088228583337,5.777791461944581,7.224195417761803
020611,YUNGAR,CARHUAZ,ANCASH,4.3994215965271,2.361071538925171,6.4377717018127445,2.0383500814437943,4.3994215965271,2.768741555213928,6.030101685523986,4.076700162887573
020701,SAN LUIS,CARLOS FERMIN FITZCARRALD,ANCASH,7.487798023223877,4.923970890045166,9.605146217346192,1.4517287464122783,7.97381820678711,5.698664054870606,8.933412418365478,4.681175327301025
020702,SAN NICOLAS,CARLOS FERMIN FITZCARRALD,ANCASH,8.51312115987142,4.9642746925354,12.87913990020752,2.640333148109163,8.266589164733887,5.54775915145874,11.725014972686768,7.914865207672119
020703,YAUYA,CARLOS FERMIN FITZCARRALD,ANCASH,7.978857803344726,5.113514995574951,10.731710052490234,2.1138487042839658,7.766374969482422,5.530402803421021,10.639796447753906,5.618195056915283
020801,CASMA,CASMA,ANCASH,16.950357278963416,15.674609756469726,17.754147338867188,0.47419132274259235,17.0046142578125,16.427708244323732,17.55064468383789,2.079537582397461
020802,BUENA VISTA ALTA,CASMA,ANCASH,16.563669967651368,14.540937232971192,17.594392395019533,0.9684803874731678,16.90346908569336,15.049075984954834,17.541938400268556,3.0534551620483397
020803,COMANDANTE NOEL,CASMA,ANCASH,17.38512191772461,17.17060241699219,17.76277885437012,0.17875037017324305,17.333769607543946,17.22421859741211,17.608480796813968,0.5921764373779297
020804,YAUTAN,CASMA,ANCASH,15.362778218587241,9.837218856811523,17.183132553100585,2.0272304603923947,16.04492607116699,13.377625999450682,17.127276344299315,7.345913696289062
020901,CORONGO,CORONGO,ANCASH,6.726155700683594,3.976643753051758,11.642796325683594,2.73894515040324,5.40718822479248,4.364514808654785,10.048809280395508,7.666152572631836
020902,ACO,CORONGO,ANCASH,5.64414529800415,3.0288938999176027,8.25939655303955,2.6152513265609754,5.64414529800415,3.5519441652297976,7.736346287727355,5.230502653121948
020903,BAMBAS,CORONGO,ANCASH,9.905210113525392,8.020940589904786,11.82856788635254,1.256900398155209,9.824577522277831,8.556473274230957,11.29401741027832,3.807627296447754
020904,CUSCA,CORONGO,ANCASH,4.972710255214146,2.8813074588775636,7.893972969055175,1.508712700695392,4.802528190612793,3.0322483921051027,6.659455699920654,5.012665510177612
020905,LA PAMPA,CORONGO,ANCASH,11.96851806640625,9.831737518310547,14.105298805236817,2.1367806434631453,11.96851806640625,10.259093647003175,13.677942676544188,4.273561286926269
020906,YANAC,CORONGO,ANCASH,11.153450775146485,11.153450775146485,11.153450775146485,0.0,11.153450775146485,11.153450775146485,11.153450775146485,0.0
020907,YUPAN,CORONGO,ANCASH,10.287561416625977,8.836039543151855,11.739083290100098,1.4515218734741517,10.287561416625977,9.126343917846679,11.448778915405274,2.903043746948242
021001,HUARI,HUARI,ANCASH,4.244283955891928,0.8693404912948608,8.606531715393066,1.9201092720925506,4.025974416732788,2.072602109909058,6.822230186462401,7.737191224098206
021002,ANRA,HUARI,ANCASH,7.590222930908203,5.350648498535156,9.60411548614502,1.7438023878237345,7.81590518951416,5.843699836730957,9.246473426818849,4.253466987609864
021003,CAJAY,HUARI,ANCASH,5.377568588256837,4.167582654953003,7.308977222442627,1.0780458860581639,4.93181266784668,4.422439851760865,6.65528398513794,3.141394567489624
021004,CHAVIN DE HUANTAR,HUARI,ANCASH,3.237455224990845,1.2089131116867065,6.208708953857422,1.524043804421232,2.9742729663848877,1.3506556868553161,5.394143056869507,4.999795842170715
021005,HUACACHI,HUARI,ANCASH,8.733086585998535,6.60381326675415,10.862359809875489,2.1292732715606824,8.733086585998535,7.0296679210662845,10.436505155563356,4.258546543121338
021006,HUACCHIS,HUARI,ANCASH,7.130972003936767,7.130972003936767,7.130972003936767,0.0,7.130972003936767,7.130972003936767,7.130972003936767,0.0
021007,HUACHIS,HUARI,ANCASH,7.390188598632813,4.338430690765381,9.730709838867188,1.8008980672296482,7.8762236595153805,5.299151782989502,9.144563903808594,5.392279148101807
021008,HUANTAR,HUARI,ANCASH,3.6592414855957025,1.0148037314414977,7.576201725006103,2.3410691005899844,3.044700288772583,1.3428213429450988,6.475982570648194,6.561397993564606
021009,MASIN,HUARI,ANCASH,6.169796943664551,5.962802505493164,6.376791191101074,0.20699434280406362,6.169796943664551,6.004201374053955,6.335392322540283,0.41398868560791013
021010,PAUCAS,HUARI,ANCASH,8.33289810180664,5.275379753112793,10.995570182800293,2.153332638396721,9.09922981262207,5.726142158508301,10.55415180206299,5.7201904296875
021011,PONTO,HUARI,ANCASH,8.27193489074707,6.101706314086914,10.19795207977295,1.4795744591466924,8.394041061401367,6.671956052780152,9.774229316711427,4.096245765686035
021013,RAPAYAN,HUARI,ANCASH,5.7117454528808596,4.744827365875244,7.825397109985351,1.013383405302059,5.5495734214782715,4.809621047973633,6.7760422706604,3.0805697441101074
021014,SAN MARCOS,HUARI,ANCASH,5.073677143297698,2.271521234512329,7.97457971572876,1.7022394187856917,4.729414653778076,3.02788646697998,7.611021633148193,5.703058481216431
021015,SAN PEDRO DE CHANA,HUARI,ANCASH,5.7066552734375,4.586628150939942,7.392192459106445,0.9525517888077344,5.370511054992676,4.833482437133789,6.827387886047363,2.805564308166504
021016,UCO,HUARI,ANCASH,9.655666732788086,8.620824813842773,10.690509033203124,1.0348421096802196,9.655666732788086,8.82779323577881,10.483540611267088,2.0696842193603517
021101,HUARMEY,HUARMEY,ANCASH,16.34083027742347,9.863321304321289,17.704308319091798,1.4505978051236126,16.877680587768555,14.580821132659912,17.363706741333008,7.840987014770508
021102,COCHAPETI,HUARMEY,ANCASH,12.445037078857421,8.952735328674317,15.53529624938965,2.702330992872847,12.847077941894531,9.73160385131836,14.997652587890624,6.582560920715332
021103,CULEBRAS,HUARMEY,ANCASH,16.914096214657736,16.28212776184082,17.385145950317384,0.3388579564916725,16.988389587402345,16.383804893493654,17.292070388793945,1.1030181884765624
021104,HUAYAN,HUARMEY,ANCASH,10.709004020690918,6.515178680419922,14.607299041748046,2.8660658476809995,10.856769371032716,7.781816940307617,13.517979030609132,8.092120361328124
021105,MALVAS,HUARMEY,ANCASH,7.241677602132162,2.2723056793212892,13.716974449157714,4.093771705763077,6.974240970611572,2.610598254203796,12.140193271636964,11.444668769836426
021201,CARAZ,HUAYLAS,ANCASH,6.74021692276001,1.3516838312149049,11.00590648651123,3.44719302249812,6.7801618576049805,2.9082425379753114,10.771675758361818,9.654222655296326
021202,HUALLANCA,HUAYLAS,ANCASH,10.176681082589287,5.968804454803466,13.146712493896484,2.4821219482113355,9.891655349731446,7.165824069976807,12.829208526611328,7.177908039093017
021203,HUATA,HUAYLAS,ANCASH,5.203755283355713,3.3640252590179442,7.043485164642334,1.8397299528122002,5.203755283355713,3.7319712495803836,6.675539174079896,3.6794599056243897
021204,HUAYLAS,HUAYLAS,ANCASH,5.399150753021241,3.7672533988952637,7.031048393249511,1.6318974971771312,5.399150753021241,4.0936328983306876,6.7046688938140875,3.263794994354248
021205,MATO,HUAYLAS,ANCASH,6.844044240315756,4.130847692489624,8.212579917907714,1.9185660791427364,8.18870439529419,4.942419033050537,8.20780481338501,4.081732225418091
021206,PAMPAROMAS,HUAYLAS,ANCASH,7.686291862936582,3.017105150222778,14.935726165771484,3.800185538494911,7.476113128662109,3.1843014526367184,12.939043273925781,11.918621015548705
021207,PUEBLO LIBRE,HUAYLAS,ANCASH,6.205427551269532,4.516082859039306,8.558452987670899,1.715758039544069,5.541746330261231,4.721215553283692,7.955111656188964,4.042370128631592
021208,SANTA CRUZ,HUAYLAS,ANCASH,5.341692606608072,1.194658136367798,11.133661842346191,3.738074008665982,5.522855663299561,1.5221112155914307,11.01573459625244,9.939003705978394
021209,SANTO TORIBIO,HUAYLAS,ANCASH,3.6027088165283203,2.9159538745880127,4.289463758468628,0.6867549419403158,3.6027088165283203,3.0533048629760744,4.152112770080566,1.3735098838806152
021210,YURACMARCA,HUAYLAS,ANCASH,5.337845066615513,1.8623369216918946,14.492414093017578,3.613969378903639,3.770734119415283,2.3847203254699707,10.790929985046386,12.630077171325684
021301,PISCOBAMBA,MARISCAL LUZURIAGA,ANCASH,8.605636024475098,8.605636024475098,8.605636024475098,0.0,8.605636024475098,8.605636024475098,8.605636024475098,0.0
021302,CASCA,MARISCAL LUZURIAGA,ANCASH,6.551767444610595,5.684249496459961,7.419285583496094,0.8675180435180796,6.551767444610595,5.8577531051635745,7.2457819747924805,1.7350360870361328
021303,ELEAZAR GUZMAN BARRON,MARISCAL LUZURIAGA,ANCASH,7.8833259582519535,5.730797481536865,10.665020751953126,2.062954100820879,7.254159259796142,6.035469837188721,9.98284845352173,4.934223270416259
021304,FIDEL OLIVAS ESCUDERO,MARISCAL LUZURIAGA,ANCASH,8.251107788085937,5.313596534729004,11.908578491210937,2.1002373884429844,8.302706909179687,5.5531522846221915,10.84417469024658,6.594981956481933
021305,LLAMA,MARISCAL LUZURIAGA,ANCASH,9.064910888671875,8.96560287475586,9.164219284057618,0.09930820465138282,9.064910888671875,8.985464515686035,9.144357643127442,0.1986164093017578
021306,LLUMPA,MARISCAL LUZURIAGA,ANCASH,4.802346992492676,3.151417446136475,6.425014972686768,1.2604471326442395,4.816477680206299,3.4392550230026244,6.154134321212768,3.273597526550293
021307,LUCMA,MARISCAL LUZURIAGA,ANCASH,6.339906787872314,3.5266440391540526,9.675794410705567,2.286580789414616,6.078594207763672,4.012895345687866,8.87596806526184,6.149150371551514
021308,MUSGA,MARISCAL LUZURIAGA,ANCASH,6.958257865905762,6.958257865905762,6.958257865905762,0.0,6.958257865905762,6.958257865905762,6.958257865905762,0.0
021401,OCROS,OCROS,ANCASH,5.3030804225376675,2.097208571434021,12.076494407653808,3.411129751233698,4.045830249786377,2.264747629165649,9.460638465881349,9.979285836219788
021402,ACAS,OCROS,ANCASH,10.624895804268974,6.843941688537598,14.536278343200683,2.5014111870033546,9.979763793945313,7.932784423828126,13.442316780090332,7.692336654663086
021403,CAJAMARQUILLA,OCROS,ANCASH,1.5310668706893922,1.5241267442703248,1.5380069494247437,0.0069401025772648185,1.5310668706893922,1.5255147647857668,1.5366189289093017,0.013880205154418946
021404,CARHUAPAMPA,OCROS,ANCASH,8.416086196899414,6.055180644989013,10.682737731933594,2.066113353432763,8.463212966918945,6.2426695442199716,10.551801071166992,4.62755708694458
021405,COCHAS,OCROS,ANCASH,15.77565198625837,12.667504119873048,17.080908203125,1.1289853695306555,16.016036796569825,14.596030979156495,16.73913707733154,4.413404083251953
021406,CONGAS,OCROS,ANCASH,6.6474744160970065,5.334090518951416,8.946093940734864,1.630883199080909,5.6622389793396,5.399720211029052,8.289322948455812,3.6120034217834474
021407,LLIPA,OCROS,ANCASH,4.80522928237915,4.80522928237915,4.80522928237915,0.0,4.80522928237915,4.80522928237915,4.80522928237915,0.0
021408,SAN CRISTOBAL DE RAJAN,OCROS,ANCASH,3.4559202829996742,1.5087049722671508,6.677759170532227,2.294694003732007,2.1812966108322143,1.6432232999801635,5.778466658592225,5.1690541982650755
021409,SAN PEDRO,OCROS,ANCASH,14.638755459255643,9.562646865844727,17.000441360473634,2.3018543909678444,15.550906944274903,11.443417510986327,16.762873344421386,7.437794494628906
021410,SANTIAGO DE CHILCAS,OCROS,ANCASH,5.685571543375651,2.5311219692230225,9.46866512298584,2.86693094959054,5.056927967071533,3.0362831687927243,8.586317691802979,6.937543153762817
021501,CABANA,PALLASCA,ANCASH,6.766590627034505,3.6971681118011475,12.407639312744141,2.9050851838649643,5.821833610534668,4.11115972995758,10.366778564453124,8.710471200942994
021502,BOLOGNESI,PALLASCA,ANCASH,13.352994346618653,13.243805313110352,13.46218318939209,0.10918893814148285,13.352994346618653,13.265643100738526,13.440345401763915,0.21837787628173827
021503,CONCHUCOS,PALLASCA,ANCASH,5.084747852998621,3.392915630340576,11.791463851928711,2.058281190719897,4.136212921142578,3.483513536453247,6.822635345458984,8.398548221588134
021505,HUANDOVAL,PALLASCA,ANCASH,7.573151524861655,4.82208137512207,10.64826774597168,2.389563145172415,7.249105644226074,5.307486228942871,9.96843532562256,5.8261863708496096
021506,LACABAMBA,PALLASCA,ANCASH,6.355560779571533,5.690567493438721,7.020554065704346,0.6649932861328304,6.355560779571533,5.823566150665283,6.887555408477783,1.329986572265625
021507,LLAPO,PALLASCA,ANCASH,9.912283897399902,7.607192707061768,12.217375373840332,2.3050913333892993,9.912283897399902,8.068210973739625,11.756357107162476,4.610182666778565
021508,PALLASCA,PALLASCA,ANCASH,10.938228607177733,7.6388404846191404,13.004216766357422,1.8820607563363958,11.290181922912598,8.730580368041993,12.758415756225586,5.365376281738281
021509,PAMPAS,PALLASCA,ANCASH,6.06679401397705,3.5530837059020994,11.176192283630371,2.3278219156398032,5.147771739959717,3.880002236366272,9.436709785461426,7.623108577728272
021510,SANTA ROSA,PALLASCA,ANCASH,13.890853881835938,11.504969024658203,15.37928810119629,1.1906261513159557,14.120198631286621,12.593516826629639,14.958847141265869,3.874319076538086
021511,TAUCA,PALLASCA,ANCASH,10.7603120803833,3.55441575050354,14.776624488830567,3.582943352489951,10.87581672668457,6.400671916007997,14.654322357177733,11.222208738327026
021601,POMABAMBA,POMABAMBA,ANCASH,4.804985105074368,1.2992928981781007,7.586417961120605,1.725675913033173,5.311982536315918,1.9750839519500736,6.052174358367919,6.287125062942505
021602,HUAYLLAN,POMABAMBA,ANCASH,7.107082080841065,5.786719703674317,8.427444553375244,1.3203624248504768,7.107082080841065,6.050792188644409,8.163372068405153,2.640724849700928
021603,PAROBAMBA,POMABAMBA,ANCASH,9.629630432128906,6.942373752593994,13.147272682189941,1.9305058305559009,9.547016143798828,6.953550968170165,11.862673606872557,6.204898929595947
021604,QUINUABAMBA,POMABAMBA,ANCASH,8.517895889282226,7.031011390686035,11.177500534057618,1.6962921652546314,7.931535530090332,7.038137311935424,10.466742496490479,4.146489143371582
021701,RECUAY,RECUAY,ANCASH,3.859831401279995,1.9593778610229493,5.289777565002441,0.9724519414656682,4.006639385223389,2.8303503799438476,4.815135688781739,3.3303997039794924
021702,CATAC,RECUAY,ANCASH,2.9429356602260044,1.1737449169158936,4.42910680770874,0.844679072143881,3.077952480316162,1.8059561634063719,4.11905110359192,3.2553618907928468
021703,COTAPARACO,RECUAY,ANCASH,3.466362609863281,2.029275918006897,4.993767547607422,1.2272146222491653,2.7788313388824464,2.2780781507492067,4.947723274230957,2.964491629600525
021704,HUAYLLAPAMPA,RECUAY,ANCASH,4.541093063354492,2.1186432361602785,6.429481887817383,1.6327294882531966,4.808123588562012,2.704406385421753,6.164155340194702,4.310838651657105
021705,LLACLLIN,RECUAY,ANCASH,10.139674377441406,7.461312294006348,12.502124786376953,2.070003249540809,10.455586624145507,8.06016716003418,12.092817153930664,5.0408124923706055
021706,MARCA,RECUAY,ANCASH,5.9512429046630855,2.1507296800613402,10.046858596801759,3.2638712587868435,5.555575942993164,2.367891001701355,9.751882247924806,7.896128916740418
021707,PAMPAS CHICO,RECUAY,ANCASH,4.717069435119629,2.9228944778442383,6.834926795959473,1.4803930462990111,4.555228424072266,3.199489850997925,6.364122095108032,3.9120323181152346
021708,PARARIN,RECUAY,ANCASH,10.772613067626953,8.039289855957032,14.018268394470216,1.8906984508108966,10.382270240783692,8.710195045471192,13.20187400817871,5.978978538513184
021709,TAPACOCHA,RECUAY,ANCASH,5.99976921081543,3.8751479625701903,8.002275848388672,1.687109479681623,6.121883487701416,4.324495067596436,7.626197376251222,4.1271278858184814
021710,TICAPAMPA,RECUAY,ANCASH,2.5547775650024414,1.68932363986969,3.3406303405761717,0.5391109661323116,2.5497833728790282,1.9817527532577515,3.1138797760009767,1.651306700706482
021801,CHIMBOTE,SANTA,ANCASH,17.128509012858075,14.07022647857666,18.11045684814453,0.9687932117279828,17.392737579345702,16.222458362579346,17.953179473876954,4.040230369567871
021802,CACERES DEL PERU,SANTA,ANCASH,9.371716629831415,3.1254940032958984,16.41850757598877,4.019002421024894,9.43837947845459,3.9400151920318605,14.490467567443847,13.293013572692871
021803,COISHCO,SANTA,ANCASH,17.68879814147949,17.68879814147949,17.68879814147949,0.0,17.68879814147949,17.68879814147949,17.68879814147949,0.0
021804,MACATE,SANTA,ANCASH,12.330017671130953,5.6139349937438965,16.8381290435791,2.8413417989166234,12.468400382995606,9.361569023132324,14.98916187286377,11.224194049835205
021805,MORO,SANTA,ANCASH,16.210018005371097,13.435443687438966,17.458865356445312,1.1430687153725632,16.51528148651123,14.869832077026365,17.2042232131958,4.023421669006348
021806,NEPENA,SANTA,ANCASH,17.08964146205357,14.873060035705567,17.639551162719727,0.7173904045361938,17.423056030273436,16.395276412963863,17.526542892456053,2.7664911270141603
021807,SAMANCO,SANTA,ANCASH,17.49683532714844,17.405291748046874,17.640871810913087,0.07810377067557892,17.487602996826173,17.418457984924316,17.584445571899415,0.23558006286621094
021808,SANTA,SANTA,ANCASH,17.702499771118163,17.702499771118163,17.702499771118163,0.0,17.702499771118163,17.702499771118163,17.702499771118163,0.0
021809,NUEVO CHIMBOTE,SANTA,ANCASH,17.402890396118163,16.81280059814453,17.9277042388916,0.30421628594939387,17.419611740112305,16.96696186065674,17.777202987670897,1.1149036407470703
021901,SIHUAS,SIHUAS,ANCASH,7.5352678298950195,6.643468761444092,8.427066898345947,0.8917990684509401,7.5352678298950195,6.821828575134278,8.248707084655761,1.7835981369018554
021902,ACOBAMBA,SIHUAS,ANCASH,10.583114929199219,7.579501914978027,13.652681732177735,2.228371851549461,10.94612808227539,7.993198585510254,13.041017303466797,6.073179817199707
021903,ALFONSO UGARTE,SIHUAS,ANCASH,9.735097757975261,9.388104057312011,10.043561744689942,0.2691939556784692,9.773626708984375,9.465208587646483,9.989574737548828,0.6554576873779296
021904,CASHAPAMPA,SIHUAS,ANCASH,5.144793701171875,4.833606624603272,5.455980682373047,0.3111870288849061,5.144793701171875,4.895844030380249,5.393743276596069,0.6223740577697754
021905,CHINGALPO,SIHUAS,ANCASH,4.839855357578823,3.6312963008880614,6.861111450195312,1.0313512547074972,4.897795009613037,3.754018507003784,6.066859836578369,3.229815149307251
021906,HUAYLLABAMBA,SIHUAS,ANCASH,6.662219793146306,4.487137794494629,10.603071784973144,1.9186521716806841,6.267483711242676,4.4981996536254885,9.730228805541993,6.115933990478515
021907,QUICHES,SIHUAS,ANCASH,10.648851470947264,7.817769241333008,14.531576538085938,2.6644292687730102,9.995214080810547,7.894969215393066,13.874517517089846,6.71380729675293
021908,RAGASH,SIHUAS,ANCASH,4.344220679146903,3.3453362941741944,5.859785461425782,0.8640717987420453,4.229952001571656,3.366316289901733,5.512146339416505,2.5144491672515867
021909,SAN JUAN,SIHUAS,ANCASH,6.695055313110352,4.838491344451905,8.781317520141602,1.5250281137956083,7.39062614440918,4.913006725311279,8.24481475830078,3.942826175689697
021910,SICSIBAMBA,SIHUAS,ANCASH,8.946106465657554,6.692392253875733,10.209085655212402,1.5975434626528409,9.936841583251953,7.341282119750977,10.154636840820311,3.5166934013366697
022001,YUNGAY,YUNGAY,ANCASH,5.1838844299316404,0.16336194314062596,10.190383529663086,3.4410924380840116,5.767078971862793,0.988885223865509,9.85259952545166,10.02702158652246
022002,CASCAPARA,YUNGAY,ANCASH,4.182856423514229,2.252212405204773,6.392978477478027,1.51321357360545,3.93099045753479,2.4382082080841068,5.977788486480713,4.140766072273254
022003,MANCOS,YUNGAY,ANCASH,4.383353900909424,4.383353900909424,4.383353900909424,0.0,4.383353900909424,4.383353900909424,4.383353900909424,0.0
022004,MATACOTO,YUNGAY,ANCASH,8.360917568206787,8.360917568206787,8.360917568206787,0.0,8.360917568206787,8.360917568206787,8.360917568206787,0.0
022005,QUILLO,YUNGAY,ANCASH,9.37371035489169,3.21771035194397,13.745676422119141,3.4252792587567895,10.01119499206543,4.219820785522461,12.98728904724121,10.527966070175172
022006,RANRAHIRCA,YUNGAY,ANCASH,9.763069343566894,9.763069343566894,9.763069343566894,0.0,9.763069343566894,9.763069343566894,9.763069343566894,0.0
022007,SHUPLUY,YUNGAY,ANCASH,4.4221890258789065,2.6548719882965086,8.556675148010253,2.1258249862747163,3.4622714042663576,2.887285966873169,6.814492835998536,5.9018031597137455
022008,YANAMA,YUNGAY,ANCASH,3.773190477159288,0.7192292392253876,7.914916133880615,2.3297544929846614,3.2517140388488768,1.5529836499691012,7.318189907073974,7.1956868946552275
030101,ABANCAY,ABANCAY,APURIMAC,9.077646043565538,6.094378852844239,13.565389060974121,2.6864415552060494,8.233886528015137,6.193754615783691,13.117814903259278,7.471010208129883
030102,CHACOCHE,ABANCAY,APURIMAC,4.500110181172689,1.7582943916320801,10.213124465942382,3.0083473495461908,3.1003643035888673,1.9903894186019897,8.409576606750488,8.454830074310303
030103,CIRCA,ABANCAY,APURIMAC,4.956464691162109,1.109896469116211,11.857083702087403,3.3485356517671443,4.24540376663208,1.1837972950935363,10.437650585174561,10.747187232971191
030104,CURAHUASI,ABANCAY,APURIMAC,6.526883131457913,0.4499977469444275,14.062787818908692,3.962653237702436,5.512833309173584,1.7371829748153687,12.78133029937744,13.612790071964264
030105,HUANIPACA,ABANCAY,APURIMAC,9.6061033982497,4.385766410827637,15.184819221496582,3.5511370947412346,10.169864654541016,5.045506210327149,13.263716926574707,10.799052810668945
030106,LAMBRAMA,ABANCAY,APURIMAC,5.294666330437911,0.6554342150688172,11.135690116882325,3.288649314613946,4.696839237213135,1.328606617450714,9.94334316253662,10.480255901813507
030107,PICHIRHUA,ABANCAY,APURIMAC,5.043993142934946,1.8084434032440186,10.725040054321289,2.802913204005228,4.607631587982178,1.8391432332992554,8.077060241699218,8.91659665107727
030108,SAN PEDRO DE CACHORA,ABANCAY,APURIMAC,9.602717081705729,7.025001907348633,12.450633811950684,2.4688304191724812,9.458078765869141,7.033668947219849,12.316403770446778,5.425631904602051
030109,TAMBURCO,ABANCAY,APURIMAC,1.6790102481842042,0.9279434084892273,2.430077075958252,0.7510668337345129,1.6790102481842042,1.0781567752361298,2.27986370921135,1.5021336674690247
030201,ANDAHUAYLAS,ANDAHUAYLAS,APURIMAC,4.85444815499442,2.420978879928589,7.791730499267578,1.8099661438027965,5.093608951568603,2.6240382099151613,6.9479751205444344,5.370751619338989
030202,ANDARAPA,ANDAHUAYLAS,APURIMAC,11.537137603759765,9.599342346191406,13.705293464660645,1.45971501224727,11.98114891052246,9.862975616455078,13.079767265319825,4.105951118469238
030203,CHIARA,ANDAHUAYLAS,APURIMAC,4.83507423400879,2.6839186668396,8.16314172744751,2.30014808023309,3.215733766555786,2.8314013671875,7.721865673065184,5.47922306060791
030204,HUANCARAMA,ANDAHUAYLAS,APURIMAC,7.291008885701497,6.239131259918213,9.065373039245605,1.2618556991658438,6.568522644042969,6.305009536743164,8.56600296020508,2.8262417793273924
030205,HUANCARAY,ANDAHUAYLAS,APURIMAC,5.584645557403564,3.6295548915863036,7.043031311035156,1.431918786512996,5.832997894287109,3.9811223840713503,6.989486722946166,3.4134764194488527
030206,HUAYANA,ANDAHUAYLAS,APURIMAC,5.664589595794678,3.058763313293457,8.081787300109863,1.9404927275916382,5.7589034080505375,3.539514789581299,7.714212741851807,5.023023986816407
030207,KISHUARA,ANDAHUAYLAS,APURIMAC,6.006525251600477,2.4188671112060547,10.746138191223144,2.9064032535766575,5.716785907745361,2.6252648162841794,9.317751502990722,8.32727108001709
030208,PACOBAMBA,ANDAHUAYLAS,APURIMAC,10.29022491455078,6.0746994972229,15.218700790405274,3.362976758802931,9.698062705993653,6.3093404293060305,15.155897789001466,9.144001293182374
030209,PACUCHA,ANDAHUAYLAS,APURIMAC,6.622047042846679,4.9636006355285645,7.5273024559021,0.9883532278259726,7.082582664489746,5.270620536804199,7.512937688827515,2.5637018203735353
030210,PAMPACHIRI,ANDAHUAYLAS,APURIMAC,3.8493135070800784,1.6716877698898316,6.056639194488525,1.1804445075438281,4.086941432952881,2.1711451864242557,5.275806198120117,4.384951424598694
030211,POMACOCHA,ANDAHUAYLAS,APURIMAC,4.6285558064778645,2.4783542156219482,7.396102809906006,1.765737197428247,4.020689868927002,2.901580262184143,6.963397216796875,4.917748594284058
030212,SAN ANTONIO DE CACHI,ANDAHUAYLAS,APURIMAC,7.877094904581706,4.999339485168457,10.467612648010254,2.068612736434384,8.610661888122559,5.08801794052124,9.932604885101318,5.468273162841797
030213,SAN JERONIMO,ANDAHUAYLAS,APURIMAC,4.431003284454346,1.7572336435317992,7.375602436065674,1.8047893441355982,4.522367382049561,2.1822621130943296,6.681159238815307,5.618368792533874
030214,SAN MIGUEL DE CHACCRAMPA,ANDAHUAYLAS,APURIMAC,6.881302165985107,5.858935260772705,7.903669166564941,1.0223669528961348,6.881302165985107,6.06340865135193,7.699195775985717,2.0447339057922362
030215,SANTA MARIA DE CHICMO,ANDAHUAYLAS,APURIMAC,4.466515668233236,2.4495721817016602,8.53321189880371,2.0089026214308707,4.004265594482422,2.742721605300903,6.652560091018676,6.08363971710205
030216,TALAVERA,ANDAHUAYLAS,APURIMAC,7.429922332763671,4.822274684906006,11.548855400085449,2.3233130012614334,6.409546756744385,5.3610535240173345,10.209198570251464,6.726580715179443
030217,TUMAY HUARACA,ANDAHUAYLAS,APURIMAC,3.1430623372395834,2.216455602645874,5.27803783416748,0.890985769090938,2.738565540313721,2.3145799779891965,4.229271569252015,3.0615822315216064
030218,TURPO,ANDAHUAYLAS,APURIMAC,5.306118202209473,4.293110275268555,6.8058937072753904,0.9844804067449406,5.0627344131469725,4.376628170013428,6.430315208435059,2.512783432006836
030219,KAQUIABAMBA,ANDAHUAYLAS,APURIMAC,10.454245910644532,6.6184309959411625,14.627864646911622,3.3006263534437665,8.64863166809082,7.246309146881103,14.451989250183107,8.00943365097046
030220,JOSE MARIA ARGUEDAS,ANDAHUAYLAS,APURIMAC,3.577639007568359,2.0709044456481935,5.320128059387207,1.035925311697005,3.483280563354492,2.47455192565918,4.858489589691162,3.2492236137390136
030301,ANTABAMBA,ANTABAMBA,APURIMAC,1.2631606292724609,-1.2024081468582153,5.537883949279785,1.750767644643307,0.8035646080970764,-0.4201046906411648,3.743566765785218,6.740292096138001
030302,EL ORO,ANTABAMBA,APURIMAC,2.8873317718505858,1.6491878271102904,4.125475692749023,1.238143932819368,2.8873317718505858,1.8968166136741638,3.8778469061851504,2.476287865638733
030303,HUAQUIRCA,ANTABAMBA,APURIMAC,1.9683201381138393,-1.0643765091896058,6.387621688842773,2.2380550700486017,1.537229585647583,-0.35408965902402995,5.235577249526979,7.4519981980323795
030304,JUAN ESPINOZA MEDRANO,ANTABAMBA,APURIMAC,1.3148778742009941,-1.1661210656166077,5.1197186470031735,1.848814364090326,1.0961015343666076,-0.568044677078724,3.7474962997436534,6.285839712619781
030305,OROPESA,ANTABAMBA,APURIMAC,0.5583994449713291,-1.8541222095489502,4.596256732940674,1.389299673995597,0.26385556161403656,-0.8703119635581971,2.313012142181397,6.450378942489624
030306,PACHACONAS,ANTABAMBA,APURIMAC,4.076621341705322,1.1200756549835205,8.294448852539062,2.1666073412949287,3.6713988304138185,1.8339202475547793,6.809686431884766,7.174373197555542
030307,SABAINO,ANTABAMBA,APURIMAC,4.921236801147461,2.7234859466552734,7.552771663665771,1.8414591670263856,4.961702442169189,2.7873587131500246,7.014648962020874,4.829285717010498
030401,CHALHUANCA,AYMARAES,APURIMAC,5.8923503875732415,3.005377769470215,7.686131000518799,1.5421238450339785,6.126601314544677,3.743749718666076,7.6378853893280025,4.680753231048584
030402,CAPAYA,AYMARAES,APURIMAC,3.6218614101409914,2.6291669845581054,5.674053382873535,1.2294894432290493,3.0921125411987305,2.6542598009109497,5.0132619524002076,3.0448863983154295
030403,CARAYBAMBA,AYMARAES,APURIMAC,3.741075849533081,1.3860560178756713,6.610867881774903,1.6379347494160286,3.9761276245117188,1.6950843191146852,5.487612466812133,5.224811863899231
030404,CHAPIMARCA,AYMARAES,APURIMAC,7.746845054626465,3.542359781265259,10.66112995147705,2.6751366023516896,8.826726913452148,4.042918601036072,10.319378204345705,7.118770170211792
030405,COLCABAMBA,AYMARAES,APURIMAC,4.107009410858154,2.160485315322876,6.053533458709717,1.946524071693424,4.107009410858154,2.5497901296615604,5.6642286443710335,3.893048143386841
030406,COTARUSE,AYMARAES,APURIMAC,1.8090130246918776,0.1431828871369362,4.670610618591309,0.9909784268936184,1.6799183368682862,0.5500714343786239,3.033181228637697,4.527427731454372
030407,IHUAYLLO,AYMARAES,APURIMAC,8.194410451253257,7.994818019866943,8.393220138549804,0.16277375024175275,8.195193481445312,8.034893112182619,8.353614807128906,0.39840211868286135
030408,JUSTO APU SAHUARAURA,AYMARAES,APURIMAC,6.320557149251302,4.1864227771759035,8.963537788391113,1.983200416754498,5.8117107391357425,4.511480369567871,8.333172378540038,4.77711501121521
030409,LUCRE,AYMARAES,APURIMAC,4.077457332611084,2.222347450256348,6.806296443939209,1.6893193703566158,3.6405927181243896,2.566967148780823,5.937439193725586,4.583948993682862
030410,POCOHUANCA,AYMARAES,APURIMAC,8.585884475708008,8.050678730010986,9.121089935302734,0.535205602646012,8.585884475708008,8.157719850540161,9.01404881477356,1.070411205291748
030411,SAN JUAN DE CHACNA,AYMARAES,APURIMAC,3.8109304904937744,1.7010462999343872,6.364689540863037,1.911197648385352,3.5889930725097656,1.8683897423744202,5.931021175384522,4.66364324092865
030412,SANAYCA,AYMARAES,APURIMAC,3.100980793346058,2.1734278917312624,4.3600341796875,0.6319886458745532,3.054615020751953,2.463229465484619,3.7008305549621583,2.186606287956238
030413,SORAYA,AYMARAES,APURIMAC,7.093834018707275,6.630011558532715,7.557656383514404,0.463822412490882,7.093834018707275,6.722776041030883,7.464891901016236,0.9276448249816894
030414,TAPAIRIHUA,AYMARAES,APURIMAC,6.985772800445557,3.4709576606750487,9.131516265869141,2.290075941656368,7.670308303833008,4.358329162597656,9.065587596893312,5.660558605194092
030415,TINTAY,AYMARAES,APURIMAC,5.020908813476562,1.6418357849121095,9.42604866027832,3.0877208034653854,3.826603317260742,1.9169525337219242,8.80780086517334,7.784212875366211
030416,TORAYA,AYMARAES,APURIMAC,2.9943180084228516,1.9740206003189087,4.736533355712891,1.1167696741502622,2.3588021755218507,1.9905077028274534,4.396718120574951,2.762512755393982
030417,YANACA,AYMARAES,APURIMAC,5.622116661071777,4.167209148406982,7.498408794403076,1.298867547361895,5.411424064636231,4.326024789810181,7.086762237548828,3.3311996459960938
030501,TAMBOBAMBA,COTABAMBAS,APURIMAC,3.3435236612955728,0.02214497737586498,10.129027366638184,2.7444690046032045,2.333774185180664,0.5096986967325211,6.99796690940857,10.106882389262319
030502,COTABAMBAS,COTABAMBAS,APURIMAC,6.4226606889204545,-0.1153524398803711,11.357296180725097,3.781422868698616,6.513901615142823,0.7592589259147644,10.641962242126464,11.472648620605469
030503,COYLLURQUI,COTABAMBAS,APURIMAC,3.9874473026820594,0.8195155143737793,9.761306762695312,3.0110812297948812,3.0549530029296874,0.9485468637943267,8.549253063201906,8.941791248321532
030504,HAQUIRA,COTABAMBAS,APURIMAC,2.09376880421358,-0.5403895020484925,5.278643608093262,1.479340189110554,2.101959490776062,0.23552814006805428,4.1523914146423335,5.8190331101417545
030505,MARA,COTABAMBAS,APURIMAC,4.417265930175781,2.732629919052124,6.382143974304199,1.2562588267325627,3.9601261138916017,3.163767137527466,5.909669151306153,3.6495140552520753
030506,CHALLHUAHUACHO,COTABAMBAS,APURIMAC,1.8910208463668823,0.4526515007019043,3.136017322540283,0.8724360812417526,2.1089057445526125,0.8255334794521332,2.9904477119445803,2.683365821838379
030601,CHINCHEROS,CHINCHEROS,APURIMAC,8.7601744333903,4.01761908531189,11.96116008758545,2.6199707860022223,9.265336608886718,5.743631768226623,11.271554374694825,7.94354100227356
030602,ANCO_HUALLO,CHINCHEROS,APURIMAC,5.157314205169678,4.901573276519775,5.413055038452148,0.25574088096625525,5.157314205169678,4.952721452713012,5.361906862258911,0.511481761932373
030603,COCHARCAS,CHINCHEROS,APURIMAC,8.605152702331543,6.644544982910157,10.808846282958985,1.850583930690878,8.483609771728515,6.723431253433228,10.584108352661135,4.1643013000488285
030604,HUACCANA,CHINCHEROS,APURIMAC,11.6705615234375,7.251924133300781,14.02645034790039,2.1430221376017635,11.742125129699707,8.786424236297607,13.810879192352294,6.774526214599609
030605,OCOBAMBA,CHINCHEROS,APURIMAC,6.771981557210286,3.507953929901123,10.761463356018066,2.5147975254064887,6.2095481872558596,4.089511251449585,10.016885662078858,7.253509426116944
030606,ONGOY,CHINCHEROS,APURIMAC,6.6004598999023445,4.2059328079223635,9.8214506149292,2.013426817097925,7.052268123626709,4.406974411010742,8.778514289855957,5.615517807006836
030607,URANMARCA,CHINCHEROS,APURIMAC,7.602940216064454,4.756833457946778,10.633703231811523,2.4177763265622296,7.4307106018066404,4.916598587036132,10.395105056762693,5.876869773864746
030608,RANRACANCHA,CHINCHEROS,APURIMAC,4.574961217244466,3.762769174575806,5.732933425903321,0.8407418013582848,4.229181289672852,3.856051597595214,5.432182998657226,1.9701642513275146
030609,ROCCHACC,CHINCHEROS,APURIMAC,8.24311866760254,6.348662185668945,10.137575340270995,1.8944565773010376,8.24311866760254,6.727553501129151,9.758684024810792,3.7889131546020507
030610,EL PORVENIR,CHINCHEROS,APURIMAC,11.382784652709962,8.04990463256836,14.715664291381836,3.3328798294067483,11.382784652709962,8.716480598449706,14.049088325500488,6.665759658813476
030611,LOS CHANKAS,CHINCHEROS,APURIMAC,11.17249969482422,7.5072883605957035,13.388031959533691,2.3684628318336105,12.423124504089355,8.207155380249024,13.347658195495603,5.880743598937988
030612,AHUAYRO,CHINCHEROS,APURIMAC,12.33577003479004,12.33577003479004,12.33577003479004,0.0,12.33577003479004,12.33577003479004,12.33577003479004,0.0
030701,CHUQUIBAMBILLA,GRAU,APURIMAC,2.2411691029866536,0.4973074495792389,5.335027027130127,1.7826927141021307,1.201609492301941,0.62117440700531,5.027015094757081,4.837719577550888
030702,CURPAHUASI,GRAU,APURIMAC,1.058016872406006,0.11791859976947308,3.2623689651489256,0.8700099726454278,0.9534402847290039,0.19258853439241647,1.811400039196014,3.144450365379453
030703,GAMARRA,GRAU,APURIMAC,2.8484467593106357,0.26526616513729095,6.862453651428223,2.002565751823297,2.4446879863739013,0.5873496234416962,5.878301048278809,6.597187486290932
030704,HUAYLLATI,GRAU,APURIMAC,6.785763092041016,4.281846809387207,9.05804214477539,1.825303436692313,7.683550643920898,4.570719909667969,8.59536361694336,4.776195335388183
030705,MAMARA,GRAU,APURIMAC,4.682540225982666,3.5985010623931886,5.766579437255859,1.0840391874313422,4.682540225982666,3.8153088998794558,5.549771599769593,2.168078374862671
030706,MICAELA BASTIDAS,GRAU,APURIMAC,4.368426513671875,0.6554309666156769,7.314535140991211,2.5580425051310858,4.3966443061828615,1.3949287307262423,7.177259750366211,6.659104174375534
030707,PATAYPAMPA,GRAU,APURIMAC,2.3603070068359377,1.083737075328827,3.9301453590393067,0.9143057579141676,2.192243719100952,1.506500427722931,3.339992580413818,2.84640828371048
030708,PROGRESO,GRAU,APURIMAC,2.8959787580702043,0.4188502192497253,7.741816520690918,2.295982355976121,2.456335353851318,0.5992769837379456,5.801777229309083,7.322966301441193
030709,SAN ANTONIO,GRAU,APURIMAC,6.422308826446534,6.422308826446534,6.422308826446534,0.0,6.422308826446534,6.422308826446534,6.422308826446534,0.0
030710,SANTA ROSA,GRAU,APURIMAC,5.88228178024292,5.88228178024292,5.88228178024292,0.0,5.88228178024292,5.88228178024292,5.88228178024292,0.0
030711,TURPAY,GRAU,APURIMAC,3.511489248275757,3.511489248275757,3.511489248275757,0.0,3.511489248275757,3.511489248275757,3.511489248275757,0.0
030713,VIRUNDO,GRAU,APURIMAC,1.2054972489674887,0.4252090334892273,2.6058526039123535,0.9923820836948447,0.5854301154613495,0.4572532498836518,2.201768106222153,2.1806435704231264
030714,CURASCO,GRAU,APURIMAC,5.399862957000733,3.715161752700806,7.084564113616944,1.6847011804580732,5.399862957000733,4.05210198879242,6.74762387752533,3.369402360916138
040101,AREQUIPA,AREQUIPA,AREQUIPA,7.990961933135987,7.990961933135987,7.990961933135987,0.0,7.990961933135987,7.990961933135987,7.990961933135987,0.0
040102,ALTO SELVA ALEGRE,AREQUIPA,AREQUIPA,6.599100017547608,6.2014954566955565,6.996704483032227,0.3976045131683782,6.599100017547608,6.281016359329224,6.917183580398559,0.7952090263366699
040103,CAYMA,AREQUIPA,AREQUIPA,-0.06546970307826996,-1.9601664781570434,3.213063669204712,2.200619104120547,-1.5993481397628784,-1.895498342514038,2.8340960502624513,5.173230147361755
040104,CERRO COLORADO,AREQUIPA,AREQUIPA,6.035001373291015,1.1549627184867859,8.25539426803589,2.619433174518178,7.459176635742187,2.5271192491054535,8.1187077999115,7.100431549549103
040105,CHARACATO,AREQUIPA,AREQUIPA,5.194550247192383,-1.3587194800376892,8.271553897857666,3.5630470569742583,6.7788666725158695,0.9057535529136658,8.15436689376831,9.630273377895355
040106,CHIGUATA,AREQUIPA,AREQUIPA,3.134257936477661,-1.6875821590423583,6.172972869873047,2.4248696275894055,3.6102422714233398,-0.07398355782031998,5.5579923725128175,7.860555028915405
040107,JACOBO HUNTER,AREQUIPA,AREQUIPA,9.244612884521484,9.244612884521484,9.244612884521484,0.0,9.244612884521484,9.244612884521484,9.244612884521484,0.0
040108,LA JOYA,AREQUIPA,AREQUIPA,11.774303690592449,10.624704360961914,13.112812805175782,0.5019989756869196,11.751514434814453,11.318208847045899,12.314991531372069,2.488108444213867
040109,MARIANO MELGAR,AREQUIPA,AREQUIPA,6.69662561416626,6.69662561416626,6.69662561416626,0.0,6.69662561416626,6.69662561416626,6.69662561416626,0.0
040110,MIRAFLORES,AREQUIPA,AREQUIPA,9.059571647644043,9.059571647644043,9.059571647644043,0.0,9.059571647644043,9.059571647644043,9.059571647644043,0.0
040112,PAUCARPATA,AREQUIPA,AREQUIPA,9.353759384155273,8.66204891204834,10.045469856262207,0.6917104721070001,9.353759384155273,8.800391006469727,9.90712776184082,1.3834209442138672
040113,POCSI,AREQUIPA,AREQUIPA,3.863808441162109,-0.2494260810315609,7.24581937789917,2.4715130998599584,4.114846849441529,1.0913249193131924,6.389632015228272,7.4952454589307305
040114,POLOBAYA,AREQUIPA,AREQUIPA,6.497388567243304,1.278930401802063,9.4803861618042,2.006621640179147,7.048038578033447,4.5160768699646,8.2581552028656,8.201455760002137
040115,QUEQUENA,AREQUIPA,AREQUIPA,8.302305889129638,8.302305889129638,8.302305889129638,0.0,8.302305889129638,8.302305889129638,8.302305889129638,0.0
040118,SAN JUAN DE SIGUAS,AREQUIPA,AREQUIPA,11.918284797668457,11.918284797668457,11.918284797668457,0.0,11.918284797668457,11.918284797668457,11.918284797668457,0.0
040119,SAN JUAN DE TARUCANI,AREQUIPA,AREQUIPA,-3.343182144165039,-5.3028261184692385,-1.109587800502777,0.9423039788954817,-3.3221028804779054,-4.669331769943237,-2.1875110173225396,4.193238317966461
040120,SANTA ISABEL DE SIGUAS,AREQUIPA,AREQUIPA,12.299702911376952,11.406328201293945,12.919667816162109,0.5173024793079208,12.304316139221191,11.721956329345701,12.820921936035154,1.5133396148681642
040121,SANTA RITA DE SIGUAS,AREQUIPA,AREQUIPA,12.111296183268228,11.010070991516113,14.648541450500488,0.8899147551554369,11.780102157592774,11.311616630554198,13.02814842224121,3.638470458984375
040123,TIABAYA,AREQUIPA,AREQUIPA,9.039601135253907,7.839289379119873,10.239912223815917,1.2003114223480758,9.039601135253907,8.079351663589478,9.999849939346314,2.400622844696045
040124,UCHUMAYO,AREQUIPA,AREQUIPA,11.295350646972656,9.377817726135254,13.352415084838867,1.2030140627169734,11.175294113159179,9.889426918029784,12.98544822692871,3.974597358703613
040125,VITOR,AREQUIPA,AREQUIPA,11.845958781692218,8.465236473083497,13.47842025756836,0.8139073459218678,11.876408004760743,10.897291259765625,12.716336250305176,5.0131837844848635
040127,YARABAMBA,AREQUIPA,AREQUIPA,8.87248772515191,7.586796283721924,11.820884704589844,1.1599536607834455,8.495107078552246,7.728140726089478,10.482219467163088,4.23408842086792
040128,YURA,AREQUIPA,AREQUIPA,3.5124459330240883,-3.537666082382202,11.59316349029541,4.626423806930977,3.948595905303955,-2.578004789352417,9.873462028503418,15.130829572677612
040201,CAMANA,CAMANA,AREQUIPA,17.38395881652832,17.38395881652832,17.38395881652832,0.0,17.38395881652832,17.38395881652832,17.38395881652832,0.0
040203,MARIANO NICOLAS VALCARCEL,CAMANA,AREQUIPA,12.649197235107422,9.858076095581055,14.894216346740723,1.3487130377264713,12.435441780090333,11.123125782012938,14.419563388824463,5.036140251159668
040204,MARISCAL CACERES,CAMANA,AREQUIPA,14.158815917968749,12.493171501159669,17.120297241210938,1.3328502773423736,13.761755180358886,12.705475959777832,16.100336666107175,4.6271257400512695
040205,NICOLAS DE PIEROLA,CAMANA,AREQUIPA,14.019611065204327,12.27355670928955,16.339144134521483,1.0754798687381255,13.89719123840332,12.875887680053712,15.31257495880127,4.065587425231934
040206,OCONA,CAMANA,AREQUIPA,12.77343405018682,9.514715576171875,16.10452995300293,1.8724947972852373,12.880133628845215,10.306006526947021,15.403667640686034,6.589814376831055
040207,QUILCA,CAMANA,AREQUIPA,14.33220329284668,12.565596771240234,16.165616989135742,0.9979669508749298,14.288213157653809,13.129417896270752,15.721203746795656,3.6000202178955076
040208,SAMUEL PASTOR,CAMANA,AREQUIPA,16.323426818847658,15.605619621276855,17.04123420715332,0.7178072929386377,16.323426818847658,15.749181079864503,16.897672748565675,1.4356145858764648
040301,CARAVELI,CARAVELI,AREQUIPA,10.397616892847521,6.928597068786621,12.621845054626466,1.5530022396194938,10.748475265502929,8.404201869964599,12.223796195983887,5.693247985839844
040302,ACARI,CARAVELI,AREQUIPA,13.425514390733506,11.50110969543457,15.714999580383301,1.1429622787129892,13.192769050598145,12.126403522491454,15.25209836959839,4.21388988494873
040303,ATICO,CARAVELI,AREQUIPA,12.92371316557949,9.796947288513184,16.440496063232423,1.4633801128886497,12.88340492248535,11.14833698272705,14.917366294860841,6.643548774719238
040304,ATIQUIPA,CARAVELI,AREQUIPA,13.669390869140623,10.256776046752929,15.770137214660645,1.6775204432458497,14.130246925354005,11.106765518188478,15.427350425720215,5.513361167907715
040305,BELLA UNION,CARAVELI,AREQUIPA,14.536617223227896,12.725770568847656,15.750462341308594,0.8524790153148352,14.572551155090332,13.465412139892578,15.569018173217774,3.0246917724609377
040306,CAHUACHO,CARAVELI,AREQUIPA,6.687668185763888,2.5751369476318358,12.792981338500976,1.98295336099248,6.573011112213135,4.392906389236451,8.803303108215333,10.217844390869141
040307,CHALA,CARAVELI,AREQUIPA,14.884448496500653,13.051104927062989,16.583670806884765,1.033729751243138,14.980472946166993,13.724822063446044,16.138091201782224,3.532565879821777
040308,CHAPARRA,CARAVELI,AREQUIPA,12.553203986672793,6.991739082336426,16.05621509552002,2.242923703835541,12.699593925476075,9.733607292175293,15.334272766113282,9.064476013183594
040309,HUANUHUANU,CARAVELI,AREQUIPA,10.553115609975961,6.506805515289306,13.832688903808593,1.864302999793619,10.533039474487305,8.373403882980346,12.946051025390625,7.325883388519287
040310,JAQUI,CARAVELI,AREQUIPA,13.325636800130209,11.603766441345215,14.868998908996582,1.0380445281747068,13.577455520629883,11.77703323364258,14.461761665344238,3.265232467651367
040311,LOMAS,CARAVELI,AREQUIPA,14.716194152832031,14.086766052246094,15.418253898620605,0.45327826661664117,14.62301425933838,14.206144847869874,15.352156772613526,1.3314878463745117
040312,QUICACHA,CARAVELI,AREQUIPA,7.679221158414275,4.052401113510132,11.140368270874024,1.9391727104502787,7.64957971572876,5.207918262481689,9.905069122314455,7.087967157363892
040313,YAUCA,CARAVELI,AREQUIPA,14.302579413519965,11.084457206726075,15.86639862060547,1.497387978509403,14.747764587402344,11.991166801452637,15.796727714538573,4.7819414138793945
040401,APLAO,CASTILLA,AREQUIPA,12.270332845052085,7.37487211227417,14.412276649475098,1.5762291111829811,12.349877738952637,10.420004081726074,13.862942314147949,7.037404537200928
040402,ANDAGUA,CASTILLA,AREQUIPA,1.9327442677815754,-0.7819141924381257,6.997234725952149,2.3933152738690233,1.3252882957458496,-0.5766257429122924,5.0569012832641596,7.779148918390274
040403,AYO,CASTILLA,AREQUIPA,6.401451110839844,-0.45127382427453994,11.292192649841308,3.4470280428931312,7.1499231338500975,2.257999897003174,10.89203987121582,11.743466474115849
040404,CHACHAS,CASTILLA,AREQUIPA,-1.4139397783977228,-3.48224515914917,7.330667400360108,2.023929636896226,-2.0104928255081176,-2.7613269805908205,-0.032359904050827025,10.812912559509277
040405,CHILCAYMARCA,CASTILLA,AREQUIPA,1.3697909832000732,-0.9380548179149628,2.8528597354888916,1.241920769522899,1.6220426321029664,-0.3200153303146362,2.7965628194808962,3.790914553403854
040406,CHOCO,CASTILLA,AREQUIPA,0.5075223207473755,-3.759738492965698,12.802480125427246,4.509458751918118,-1.6467491865158081,-3.2160724115371706,7.846738042831424,16.562218618392944
040407,HUANCARQUI,CASTILLA,AREQUIPA,12.267349897112165,5.178691482543945,14.923700332641602,2.382607105787942,13.15890007019043,8.006582489013672,14.209297504425049,9.745008850097657
040408,MACHAGUAY,CASTILLA,AREQUIPA,1.6392827563815646,-1.5274188995361329,9.070911598205566,3.341675883552483,0.9242462754249573,-1.255296697616577,6.062367744445801,10.5983304977417
040409,ORCOPAMPA,CASTILLA,AREQUIPA,-1.0135498461516008,-2.757383918762207,1.6198373079299926,1.3117871553976541,-1.2743569493293763,-2.440097608566284,1.16569126367569,4.3772212266922
040410,PAMPACOLCA,CASTILLA,AREQUIPA,1.4130964067247178,-2.804900598526001,5.418876361846924,2.529377658119971,0.8554963588714599,-0.8628669992834329,4.799424076080323,8.223776960372925
040411,TIPAN,CASTILLA,AREQUIPA,8.207055854797364,7.915003490447998,8.49910831451416,0.2920524120331394,8.207055854797364,7.973413972854614,8.440697832107542,0.5841048240661622
040412,UNON,CASTILLA,AREQUIPA,7.883432145552201,3.6647393703460693,12.38985824584961,2.6913072581952013,6.8374299049377445,4.55824613571167,11.065369415283204,8.72511887550354
040413,URACA,CASTILLA,AREQUIPA,13.200029645647323,12.457237243652344,14.546141242980957,0.6419907602634403,13.007745361328125,12.629326438903808,14.244583702087402,2.0889039993286134
040414,VIRACO,CASTILLA,AREQUIPA,-0.3896798038482666,-4.081703424453735,3.7422413349151613,2.6989851290067195,0.054602230340242384,-3.422298793792725,2.5532058501243595,7.823944759368897
040501,CHIVAY,CAYLLOMA,AREQUIPA,0.9889146941048758,-1.2514005541801452,3.5366374492645263,1.6502262646857844,0.8278024196624756,-0.9536689519882202,2.9026771926879884,4.7880380034446715
040502,ACHOMA,CAYLLOMA,AREQUIPA,-0.9297447718106783,-3.1021628379821777,3.4075292587280273,1.9204442892729348,-1.8052557468414308,-2.570018491744995,1.8787491667270673,6.509692096710205
040503,CABANACONDE,CAYLLOMA,AREQUIPA,3.0442288208007815,-1.3796642422676086,12.185054779052734,3.9086859253934727,1.331174635887146,-0.8967684531211854,8.263725624084472,13.564719021320343
040504,CALLALLI,CAYLLOMA,AREQUIPA,-3.001007843017578,-4.958346557617188,-0.6833753883838654,0.9958904668503814,-3.0269668102264404,-4.424046049118042,-1.6800544738769532,4.274971169233322
040505,CAYLLOMA,CAYLLOMA,AREQUIPA,-2.664481077802942,-4.270264673233032,-1.4418971538543701,0.5955206035415651,-2.6001627922058104,-3.433903579711914,-1.9160591888427736,2.828367519378662
040506,COPORAQUE,CAYLLOMA,AREQUIPA,-0.6310434150695802,-3.0731532096862795,1.9260117292404175,1.7719684199647527,-1.0802890181541442,-2.514230966567993,1.454831485748291,4.999164938926697
040507,HUAMBO,CAYLLOMA,AREQUIPA,7.825316454016644,2.2101366996765135,14.370881652832031,3.802535836596557,6.7814915657043455,2.6063738250732422,13.002503471374514,12.160744953155518
040508,HUANCA,CAYLLOMA,AREQUIPA,3.642505997877855,-1.086038100719452,9.528310012817382,3.307882088012591,3.4562838554382322,-0.4217674076557157,8.436816329956056,10.614348113536835
040509,ICHUPAMPA,CAYLLOMA,AREQUIPA,-1.0944908618927003,-3.022313928604126,1.4182097911834717,1.859422246590017,-1.6793684720993043,-2.7537248373031615,0.7986941385269166,4.440523719787597
040510,LARI,CAYLLOMA,AREQUIPA,-1.9649861199515208,-3.5007397174835204,3.350709104537964,2.0738376625620423,-2.9814319133758547,-3.3122962427139284,1.3348433995246922,6.851448822021484
040511,LLUTA,CAYLLOMA,AREQUIPA,3.9205509948730466,-3.312126398086548,14.238651466369628,4.070890094761405,3.8352312088012694,-1.1637094640731809,9.500113029479982,17.550777864456176
040512,MACA,CAYLLOMA,AREQUIPA,-1.2438708662986755,-2.8438515186309816,2.24181752204895,1.6480281206469507,-1.996480369567871,-2.5461190867424013,1.1345956224203109,5.085669040679932
040513,MADRIGAL,CAYLLOMA,AREQUIPA,-0.5828479806582133,-3.0460272312164305,2.121236062049866,1.970722653401289,-0.8455362796783448,-2.7582029581069945,1.8551953077316283,5.167263293266297
040514,SAN ANTONIO DE CHUCA,CAYLLOMA,AREQUIPA,-4.390305680495042,-6.064533233642578,-2.7122233390808104,0.6949163678955641,-4.301454067230225,-5.283103618621827,-3.5510967874526984,3.3523098945617678
040515,SIBAYO,CAYLLOMA,AREQUIPA,-2.411034358631481,-3.766443204879761,-0.2792609414085746,0.9439154186068655,-2.5688323020935058,-3.507911539077759,-1.343850350379944,3.487182263471186
040516,TAPAY,CAYLLOMA,AREQUIPA,-1.4188004970550538,-3.249416780471802,5.259940814971924,2.32458531880754,-2.2553507328033446,-3.1073624563217157,0.9906673622131354,8.509357595443726
040517,TISCO,CAYLLOMA,AREQUIPA,-2.369338714599609,-3.6595174789428713,-0.11795792132616043,0.848294849473894,-2.4516085624694823,-3.4139870262146,-1.0953701579570767,3.5415595576167105
040518,TUTI,CAYLLOMA,AREQUIPA,-3.25811903817313,-4.154576969146729,-2.404949951171875,0.49387154177145076,-3.206521511077881,-3.81427399635315,-2.7848756599426268,1.7496270179748534
040519,YANQUE,CAYLLOMA,AREQUIPA,-2.548900624868032,-4.380372047424316,3.297292137145996,1.811523419402885,-3.0074644565582274,-3.977262992858887,0.842149851322173,7.677664184570313
040520,MAJES,CAYLLOMA,AREQUIPA,12.520523660224782,7.196933746337891,15.085949516296386,1.1873195687562315,12.69764461517334,11.776729621887208,13.6723148727417,7.889015769958496
040601,CHUQUIBAMBA,CONDESUYOS,AREQUIPA,9.15265851702009,1.1081652522087098,12.953737258911133,3.944658517795034,11.202827262878419,3.1338226795196533,12.537222080230714,11.845572006702422
040602,ANDARAY,CONDESUYOS,AREQUIPA,9.418711744035994,0.5921696245670318,14.940595626831055,4.454861726953897,9.987159729003906,3.6471228456497196,14.66747682571411,14.348426002264024
040603,CAYARANI,CONDESUYOS,AREQUIPA,-1.1180089422997008,-3.114737129211426,1.9141096353530884,1.0841021958453703,-1.39472234249115,-2.0199825143814087,0.31092068731784755,5.0288467645645145
040604,CHICHAS,CONDESUYOS,AREQUIPA,8.31295145670573,1.4512268781661988,14.473620796203614,4.331263027871577,8.920280075073242,1.945030837059021,13.826973266601561,13.022393918037414
040605,IRAY,CONDESUYOS,AREQUIPA,8.53885555267334,4.363213157653808,12.110415077209472,2.120795201280188,8.980892753601074,5.956911783218384,10.352109146118163,7.747201919555664
040606,RIO GRANDE,CONDESUYOS,AREQUIPA,13.315713321461397,8.237858390808105,14.996833229064942,1.8584600794776605,14.447463417053223,11.204876823425293,14.888929672241213,6.758974838256836
040607,SALAMANCA,CONDESUYOS,AREQUIPA,0.14966856479644777,-2.503399658203125,7.364096736907959,1.7199257392963934,-0.11129433363676071,-1.2267074251174925,1.646346576213837,9.867496395111084
040608,YANAQUIHUA,CONDESUYOS,AREQUIPA,11.046529433306524,3.622257852554321,15.557672309875489,3.449157307825709,11.475523757934571,5.851138162612915,15.07571994781494,11.935414457321167
040701,MOLLENDO,ISLAY,AREQUIPA,12.879730428059895,11.732841110229492,15.904696846008301,1.18158793169599,12.349573516845703,11.930763435363769,14.702005939483644,4.171855735778808
040702,COCACHACRA,ISLAY,AREQUIPA,13.617548384232956,10.722525024414063,17.07784996032715,1.4305548823539858,13.231100463867188,12.04072479248047,15.70479476928711,6.355324935913086
040703,DEAN VALDIVIA,ISLAY,AREQUIPA,16.02255916595459,15.500450897216798,16.610836791992188,0.457652688257406,15.989473342895508,15.548559455871583,16.523025875091555,1.1103858947753906
040704,ISLAY,ISLAY,AREQUIPA,14.467289595170453,12.487427902221679,15.984207344055175,1.0212073619819713,14.50836410522461,13.448764419555664,15.926900672912598,3.496779441833496
040705,MEJIA,ISLAY,AREQUIPA,14.903877258300781,13.550840187072755,16.15977535247803,0.9238227577599893,14.952446556091308,13.970058155059814,15.798840770721435,2.6089351654052733
040706,PUNTA DE BOMBON,ISLAY,AREQUIPA,14.85192845662435,12.783561515808106,16.97221450805664,1.4921518003501508,14.738786125183106,12.938223514556885,16.84728328704834,4.188652992248535
040801,COTAHUASI,LA UNION,AREQUIPA,6.067203598022461,1.8234256267547608,10.621464920043945,3.5863650795944553,5.452673625946045,2.163784456253052,10.278531875610351,8.798039293289184
040802,ALCA,LA UNION,AREQUIPA,4.1293363298688615,0.5863229334354401,7.768704795837403,2.882747810316694,5.3507383346557615,0.7530506801605225,7.529087028503419,7.182381862401963
040803,CHARCANA,LA UNION,AREQUIPA,3.330843671162923,0.5369167119264603,8.579078483581544,2.7960194345866944,2.3855883121490478,0.8174590364098548,6.789483308792114,8.042161771655083
040804,HUAYNACOTAS,LA UNION,AREQUIPA,-0.5375179227193196,-2.659435987472534,8.123002338409425,1.9989667792137555,-1.1203945875167847,-1.767020618915558,1.0439696896076214,10.782438325881959
040805,PAMPAMARCA,LA UNION,AREQUIPA,0.3487444281578064,-1.0811932921409606,5.044329357147217,1.5580689178757439,-0.27415696531534195,-0.8242061585187912,2.5745002698898314,6.125522649288177
040806,PUYCA,LA UNION,AREQUIPA,-0.9118820826212566,-2.676930236816406,4.769875240325928,1.6038436541935066,-1.4198909997940063,-2.3461969614028932,1.4418945455551182,7.446805477142334
040807,QUECHUALLA,LA UNION,AREQUIPA,6.3727814483642575,1.3030392408370972,10.711835670471192,3.542277888979541,5.549994659423828,2.4988282442092897,10.429712104797364,9.408796429634094
040808,SAYLA,LA UNION,AREQUIPA,9.081010437011718,6.3681190490722654,11.793901634216308,2.712891292572038,9.081010437011718,6.910697307586671,11.251323375701904,5.425782585144043
040809,TAURIA,LA UNION,AREQUIPA,8.186246185302734,2.386924171447754,13.111959075927734,3.1804741167683397,8.407710456848145,3.5613367271423337,12.328871631622315,10.72503490447998
040810,TOMEPAMPA,LA UNION,AREQUIPA,6.192161432902018,3.216784143447876,8.808088111877442,2.296810921923489,6.551611804962159,3.8837496757507326,8.356792850494386,5.591303968429566
040811,TORO,LA UNION,AREQUIPA,8.408771649528953,0.2613658010959625,14.195448303222657,4.104715667559522,8.723917961120605,2.578448715209961,13.139957847595216,13.934082502126694
050101,AYACUCHO,HUAMANGA,AYACUCHO,10.016363525390625,8.574196434020996,11.083584022521972,1.0582291866194624,10.391309928894042,8.937619132995605,10.945129203796387,2.5093875885009767
050102,ACOCRO,HUAMANGA,AYACUCHO,4.83528319138747,2.4098770141601564,7.597912883758545,1.5784451246306521,5.210978603363037,2.6680204010009767,6.995473480224609,5.188035869598389
050103,ACOS VINCHOS,HUAMANGA,AYACUCHO,6.474405543009441,3.3145217895507812,8.696269607543945,1.8134502714600642,6.564859294891358,4.348695707321167,8.509661102294922,5.381747817993164
050105,CHIARA,HUAMANGA,AYACUCHO,3.966029408772787,2.3162081718444822,7.089437675476074,1.3025381142140486,3.509290170669556,2.493535413742065,5.644807720184326,4.773229503631592
050106,OCROS,HUAMANGA,AYACUCHO,6.042470203746449,2.681778144836426,10.51099796295166,2.4394839885774924,6.079903030395508,3.5392663955688475,9.133937644958497,7.829219818115234
050107,PACAYCASA,HUAMANGA,AYACUCHO,10.455435943603515,9.651305007934571,11.259566688537598,0.8041308403015996,10.455435943603515,9.812131175994873,11.098740520477296,1.6082616806030274
050108,QUINUA,HUAMANGA,AYACUCHO,6.400763416290284,4.37387638092041,8.427650260925294,2.026886940002453,6.400763416290284,4.779253768920898,8.022272872924805,4.053773880004883
050109,SAN JOSE DE TICLLAS,HUAMANGA,AYACUCHO,8.28952465057373,7.904012012481689,8.67503719329834,0.3855125904083714,8.28952465057373,7.981114530563355,8.597934675216674,0.7710251808166504
050110,SAN JUAN BAUTISTA,HUAMANGA,AYACUCHO,9.24476490020752,9.24476490020752,9.24476490020752,0.0,9.24476490020752,9.24476490020752,9.24476490020752,0.0
050111,SANTIAGO DE PISCHA,HUAMANGA,AYACUCHO,9.243080329895019,7.3165935516357425,10.620997047424316,1.2032530149812746,9.517365264892579,7.939835529327394,10.326897048950196,3.3044034957885744
050112,SOCOS,HUAMANGA,AYACUCHO,4.694909604390462,3.00365834236145,6.021350955963134,1.0659819031922457,4.827650833129883,3.3743913888931276,5.882687044143677,3.0176926136016844
050113,TAMBILLO,HUAMANGA,AYACUCHO,8.62866668701172,7.752323627471924,9.34203872680664,0.6145038872452788,8.674506950378419,7.906903133392335,9.299499435424803,1.5897150993347169
050114,VINCHOS,HUAMANGA,AYACUCHO,2.836304521560669,-0.20174356251955033,6.664780235290527,1.968345337600283,2.7547154426574707,0.2826317481696606,5.274602308273316,6.8665237978100775
050115,JESUS NAZARENO,HUAMANGA,AYACUCHO,9.572164726257324,9.572164726257324,9.572164726257324,0.0,9.572164726257324,9.572164726257324,9.572164726257324,0.0
050201,CANGALLO,CANGALLO,AYACUCHO,7.014154161725726,5.304769706726074,8.63835563659668,1.1476525186493003,7.496845340728759,5.657376766204834,8.174352302551268,3.3335859298706056
050202,CHUSCHI,CANGALLO,AYACUCHO,2.822961601844201,0.02418832890689373,7.034776020050049,1.8036449150939862,2.448917770385742,0.5453349804878237,4.388910064697266,7.010587691143155
050203,LOS MOROCHUCOS,CANGALLO,AYACUCHO,4.026814185248481,3.0913718700408936,5.364197158813477,0.6718823027173506,3.8261763572692873,3.278338384628296,4.841449050903321,2.272825288772583
050204,MARIA PARADO DE BELLIDO,CANGALLO,AYACUCHO,4.267645072937012,2.211795377731323,6.637134647369384,1.5885403074910498,4.1108253479003904,2.685960550308228,5.9747856330871585,4.425339269638061
050205,PARAS,CANGALLO,AYACUCHO,1.5131553377423967,-0.5491316109895706,5.310693073272705,1.5973750270778755,1.0856546640396119,-0.26406584210693834,4.113486442565918,5.859824684262276
050206,TOTOS,CANGALLO,AYACUCHO,3.337265268961589,1.4443664073944091,4.386159515380859,1.341109174317447,4.181270265579224,1.9917471790313719,4.345181665420532,2.94179310798645
050301,SANCOS,HUANCA SANCOS,AYACUCHO,2.321792934251868,0.35313430428504944,5.24503870010376,0.9329858100168519,2.3278548240661623,1.1903076171875,3.345283794403076,4.8919043958187105
050302,CARAPO,HUANCA SANCOS,AYACUCHO,5.173672921316964,3.5161449909210205,6.558611965179443,1.0427347407056766,4.88064603805542,4.001582164764405,6.349721469879151,3.042466974258423
050303,SACSAMARCA,HUANCA SANCOS,AYACUCHO,3.4961029052734376,2.244704580307007,5.398092460632324,0.8158418143582894,3.3654903888702394,2.5486621856689453,4.396062755584717,3.1533878803253175
050304,SANTIAGO DE LUCANAMARCA,HUANCA SANCOS,AYACUCHO,1.697191827947443,0.0032865017652511596,4.841019153594971,1.2251143573546053,1.3959890604019165,0.41273615628480914,3.504150671958925,4.83773265182972
050401,HUANTA,HUANTA,AYACUCHO,6.085484749930246,1.9229367971420288,11.455533599853515,3.5135782187220217,4.849667739868164,2.466577234268189,11.023207740783691,9.532596802711486
050402,AYAHUANCO,HUANTA,AYACUCHO,7.827438909357244,4.018114852905273,13.036098861694336,2.883957486064241,7.420835304260254,4.147715902328491,11.394855117797851,9.017984008789062
050403,HUAMANGUILLA,HUANTA,AYACUCHO,5.748434448242188,2.3099106788635253,8.883222007751465,2.441978489088557,5.900302886962891,3.075593147277832,8.299781436920167,6.5733113288879395
050404,IGUAIN,HUANTA,AYACUCHO,9.50095157623291,9.50095157623291,9.50095157623291,0.0,9.50095157623291,9.50095157623291,9.50095157623291,0.0
050405,LURICOCHA,HUANTA,AYACUCHO,11.151822471618653,9.12441577911377,13.07485523223877,1.710298039105584,11.204008865356446,9.330099811553955,12.931795158386228,3.950439453125
050406,SANTILLANA,HUANTA,AYACUCHO,8.088295618693035,3.215852642059326,10.986008834838866,2.9490999487544967,8.612904739379882,4.7233246803283695,10.928657054901123,7.770156192779541
050407,SIVIA,HUANTA,AYACUCHO,9.493501439587822,2.801325035095215,18.24887886047363,4.927342769197676,8.848631858825684,3.7037495994567875,16.97289436340332,15.447553825378417
050408,LLOCHEGUA,HUANTA,AYACUCHO,13.388173361385572,4.706608486175537,18.83765869140625,4.594512269096737,14.348491096496582,6.576284427642823,18.467136764526366,14.131050205230713
050409,CANAYRE,HUANTA,AYACUCHO,17.384518127441407,15.294622802734375,19.184651184082032,1.3941216053725891,17.515377044677734,15.328420181274414,19.05214473724365,3.890028381347656
050410,UCHURACCAY,HUANTA,AYACUCHO,3.8571829795837402,2.5609738349914553,7.272181415557862,1.5204617294035887,3.206499195098877,2.5874434661865235,5.623154420852661,4.711207580566406
050411,PUCACOLPA,HUANTA,AYACUCHO,8.285868581136068,3.1560872077941893,17.19949836730957,4.110931997623361,7.154824161529541,3.907786383628845,14.412921085357667,14.043411159515381
050412,CHACA,HUANTA,AYACUCHO,3.716701889038086,3.109142303466797,5.103505229949951,0.8161835924505029,3.327079963684082,3.119158272743225,4.625943021774292,1.9943629264831544
050413,PUTIS,HUANTA,AYACUCHO,3.4220776875813805,2.5516780376434327,4.467725849151611,0.7919858442091547,3.2468294143676757,2.6907083129882814,4.223546562194824,1.9160478115081787
050501,SAN MIGUEL,LA MAR,AYACUCHO,5.192940807342529,2.145008420944214,8.44107551574707,2.1580868683950256,4.739983463287354,2.7063358545303347,7.8974588680267335,6.296067094802856
050502,ANCO,LA MAR,AYACUCHO,8.6170223236084,3.749488115310669,15.680719757080078,3.5416706560773874,8.228790092468262,4.417847509384155,13.700709705352784,11.93123164176941
050503,AYNA,LA MAR,AYACUCHO,11.173990715874567,4.887343120574951,17.74390640258789,4.648212859211893,11.467471694946289,5.063020915985108,16.682639312744136,12.856563282012939
050504,CHILCAS,LA MAR,AYACUCHO,8.155573145548505,3.677312469482422,11.70729694366455,2.48829766651816,8.416848373413085,5.409374713897705,10.640496253967285,8.029984474182129
050505,CHUNGUI,LA MAR,AYACUCHO,8.823562812805175,3.9244595527648927,15.712127304077148,3.8950150201296965,8.120346450805664,4.149084138870239,14.17379732131958,11.787667751312256
050506,LUIS CARRANZA,LA MAR,AYACUCHO,4.288692760467529,3.8728108406066895,4.704574871063232,0.4158820152283053,4.288692760467529,3.9559872436523436,4.621398468017579,0.831764030456543
050507,SANTA ROSA,LA MAR,AYACUCHO,11.940640476771765,3.4679811000823975,18.26381492614746,5.061127865282318,12.774275207519532,4.6539770698547365,17.642407302856448,14.795833826065063
050508,TAMBO,LA MAR,AYACUCHO,3.5504468050870024,1.794488000869751,5.721279525756836,1.261903816379815,3.286095666885376,1.8732390880584717,5.165021705627441,3.926791524887085
050509,SAMUGARI,LA MAR,AYACUCHO,9.873364475795203,2.8256600379943846,16.957073211669922,5.404702126234865,11.292283821105958,3.796237754821777,15.646845550537108,14.131413173675536
050510,ANCHIHUAY,LA MAR,AYACUCHO,8.871934204101562,3.2657509326934813,17.097820281982422,5.175076788518351,7.942107391357422,3.281741147041321,16.14824499130249,13.83206934928894
050511,ORONCCOY,LA MAR,AYACUCHO,9.165253006784539,3.5475934982299804,14.082438087463379,3.565040897867327,9.186587142944337,4.002286815643311,13.885348815917968,10.534844589233398
050512,UNION PROGRESO,LA MAR,AYACUCHO,15.32035846710205,15.32035846710205,15.32035846710205,0.0,15.32035846710205,15.32035846710205,15.32035846710205,0.0
050513,RIO MAGDALENA,LA MAR,AYACUCHO,9.60362106323242,5.701734828948974,17.313732528686522,4.376731815113105,7.171257781982422,5.919798183441162,15.022034225463866,11.611997699737548
050514,NINABAMBA,LA MAR,AYACUCHO,7.073910980224609,3.2279125213623048,10.86890106201172,2.8875633573870223,6.743781661987304,3.8500189208984374,10.419653396606446,7.640988540649414
050515,PATIBAMBA,LA MAR,AYACUCHO,5.503661441802978,3.4525245666503905,7.554798412322998,2.051136922836311,5.503661441802978,3.862751951217651,7.144571027755736,4.102273845672608
050601,PUQUIO,LUCANAS,AYACUCHO,4.479127502441406,2.6241909980773928,8.49306583404541,1.539172546925468,4.273784351348877,2.9094155740737913,6.797196121215821,5.868874835968017
050602,AUCARA,LUCANAS,AYACUCHO,3.6759934524009963,2.0846203804016112,7.13970193862915,1.1503656389725334,3.1371222019195555,2.8277305316925045,5.329636573791503,5.055081558227539
050603,CABANA,LUCANAS,AYACUCHO,3.40844486781529,2.7275877475738524,5.866416168212891,1.0205766514634884,2.9781932830810547,2.749450626373291,5.179285883903505,3.138828420639038
050604,CARMEN SALCEDO,LUCANAS,AYACUCHO,3.4432763780866353,2.8230111598968506,4.651198101043701,0.549592592837222,3.2922857284545897,2.9190738582611084,4.222252411842346,1.8281869411468505
050605,CHAVINA,LUCANAS,AYACUCHO,5.8339975210336545,3.8747612953186037,10.36009864807129,1.919292007171728,5.014304828643799,4.085853214263916,8.221694507598878,6.485337352752685
050606,CHIPAO,LUCANAS,AYACUCHO,2.805049171447754,1.9114142656326294,6.371232700347901,1.0844609583840927,2.309979248046875,1.9925975728034975,4.2653246498107915,4.459818434715271
050607,HUAC-HUAS,LUCANAS,AYACUCHO,10.899991912841797,5.807254028320313,14.600717163085937,2.57674024930622,11.722025680541993,8.053359031677246,13.844450607299805,8.793463134765625
050608,LARAMATE,LUCANAS,AYACUCHO,5.71719812463831,2.0516663789749146,14.129292297363282,3.84746655403377,3.6136109828948975,2.368527736663818,11.968567924499514,12.077625918388367
050609,LEONCIO PRADO,LUCANAS,AYACUCHO,7.822347174750433,4.435593700408935,12.382720947265625,2.2045700525579903,7.476244640350342,5.314362049102783,11.373743343353272,7.94712724685669
050610,LLAUTA,LUCANAS,AYACUCHO,9.092804527282714,2.7120203495025637,14.835414505004882,4.447606881499267,9.516584587097167,3.127395009994507,14.369343090057374,12.12339415550232
050611,LUCANAS,LUCANAS,AYACUCHO,4.215903727213542,2.7858179569244386,6.840719509124756,1.022811303878218,4.11255111694336,3.1113294792175297,5.6363330078125005,4.054901552200318
050612,OCANA,LUCANAS,AYACUCHO,9.837201145717076,3.108780765533447,15.643144416809083,3.912873643007753,10.332663536071777,4.293942518234253,14.389869651794433,12.534363651275635
050613,OTOCA,LUCANAS,AYACUCHO,8.305598958333333,3.9544533252716065,13.03834571838379,2.699470345439997,8.138314914703368,4.672831745147706,11.344831008911132,9.083892393112183
050614,SAISA,LUCANAS,AYACUCHO,8.705915527343752,5.046956253051758,13.141967391967773,2.3547448000831563,8.895997619628906,5.745052633285523,11.295068149566651,8.095011138916016
050615,SAN CRISTOBAL,LUCANAS,AYACUCHO,5.948217671712239,4.362669849395752,9.304247856140137,1.5278256729251583,5.476832485198974,4.42266529083252,8.102616348266602,4.941578006744384
050616,SAN JUAN,LUCANAS,AYACUCHO,6.130805778503418,6.130805778503418,6.130805778503418,0.0,6.130805778503418,6.130805778503418,6.130805778503418,0.0
050617,SAN PEDRO,LUCANAS,AYACUCHO,10.18465185546875,4.384926414489746,14.240386581420898,2.9779214848157474,10.567448806762695,5.0783498573303225,13.48936664581299,9.855460166931152
050618,SAN PEDRO DE PALCO,LUCANAS,AYACUCHO,3.722652121151195,2.6007981300354004,8.733830070495605,1.4487028355466616,3.225030040740967,2.68744704246521,5.061074695587157,6.133031940460205
050619,SANCOS,LUCANAS,AYACUCHO,9.400571265587441,5.481128597259522,14.284829139709473,2.552486960998028,9.358152198791505,6.061306772232055,12.96216022491455,8.80370054244995
050620,SANTA ANA DE HUAYCAHUACHO,LUCANAS,AYACUCHO,6.970863628387451,6.431618595123291,7.510108947753906,0.5392451763153387,6.970863628387451,6.539467630386353,7.402259912490844,1.0784903526306153
050621,SANTA LUCIA,LUCANAS,AYACUCHO,9.869705810546876,5.254787826538086,13.260894393920898,2.5104798812593105,10.487895393371582,6.065558815002441,12.482789955139161,8.006106567382812
050701,CORACORA,PARINACOCHAS,AYACUCHO,2.9312953218500666,1.6014445543289184,7.212657356262207,1.3655891214855616,2.3475823402404785,1.7854953336715702,4.7993378448486315,5.611212801933289
050702,CHUMPI,PARINACOCHAS,AYACUCHO,6.348839499733665,4.428952026367187,10.220040893554687,1.7922085265037087,5.978969383239746,4.463467788696289,8.406126022338867,5.7910888671875
050703,CORONEL CASTANEDA,PARINACOCHAS,AYACUCHO,1.4759131354254644,-0.877300477027893,5.145769309997559,1.4193976065099778,1.2736674547195435,-0.22031773298978807,3.2525483798980708,6.0230697870254515
050704,PACAPAUSA,PARINACOCHAS,AYACUCHO,3.9244579315185546,2.4988708019256594,5.5791033744812015,1.3082145719761986,3.1864427089691163,2.6718903827667235,5.518043422698975,3.080232572555542
050705,PULLO,PARINACOCHAS,AYACUCHO,8.803267415364584,4.8882551193237305,13.246522521972656,2.2566841647996645,8.815520668029786,5.964421176910401,11.566561317443847,8.358267402648925
050706,PUYUSCA,PARINACOCHAS,AYACUCHO,5.220003940748132,2.425010871887207,7.887421894073486,0.9583016233525242,5.152227115631104,4.467479228973389,5.870461483001708,5.462411022186279
050707,SAN FRANCISCO DE RAVACAYCO,PARINACOCHAS,AYACUCHO,4.247464497884114,2.4540162563323973,5.80019474029541,1.3766493503304489,4.488182640075683,2.860849533081055,5.537792320251465,3.346178483963013
050708,UPAHUACHO,PARINACOCHAS,AYACUCHO,3.271354002111098,1.7658379793167114,4.755820846557617,0.9159560713749982,3.376026439666748,2.019466347694397,4.600409755706787,2.9899828672409057
050801,PAUSA,PAUCAR DEL SARA SARA,AYACUCHO,6.646868515014648,1.7585888385772706,11.19725399017334,3.343435667359273,7.246235466003418,1.97735995054245,10.069186515808106,9.43866515159607
050802,COLTA,PAUCAR DEL SARA SARA,AYACUCHO,3.5142745123969186,-0.13258383870124818,10.296319389343262,3.6766410155409317,2.8386958599090577,-0.0070865607261657694,9.115129356384276,10.42890322804451
050803,CORCULLA,PAUCAR DEL SARA SARA,AYACUCHO,8.123872756958008,3.644639730453491,11.974855995178222,3.093878888328418,8.437997817993164,4.703337311744691,11.293108329772949,8.330216264724731
050804,LAMPA,PAUCAR DEL SARA SARA,AYACUCHO,4.068150997161865,2.337576961517334,5.760017204284668,1.2295717673974376,4.5249429702758786,2.396036610603333,5.275486221313477,3.422440242767334
050805,MARCABAMBA,PAUCAR DEL SARA SARA,AYACUCHO,2.495247316360474,1.6082092761993407,3.4323586940765383,0.809683393223801,2.470210552215576,1.659398169517517,3.3511257266998293,1.8241494178771973
050806,OYOLO,PAUCAR DEL SARA SARA,AYACUCHO,0.9336802368164061,-0.7453716218471527,5.134708881378174,1.6886268175097938,0.3551218122243881,-0.594127082824707,3.5660118293762224,5.880080503225327
050807,PARARCA,PAUCAR DEL SARA SARA,AYACUCHO,4.972702852884929,3.3830164432525636,6.110488605499268,1.158596330856841,5.424603462219238,3.791333847045898,5.973311576843263,2.727472162246704
050808,SAN JAVIER DE ALPABAMBA,PAUCAR DEL SARA SARA,AYACUCHO,6.114806365966797,2.4474647998809815,7.946827697753906,2.1728955849847837,7.032466697692871,3.689543423652649,7.805941343307497,5.499362897872925
050809,SAN JOSE DE USHUA,PAUCAR DEL SARA SARA,AYACUCHO,8.521437454223634,8.521437454223634,8.521437454223634,0.0,8.521437454223634,8.521437454223634,8.521437454223634,0.0
050810,SARA SARA,PAUCAR DEL SARA SARA,AYACUCHO,5.766620127360026,5.056517314910889,6.1744153022766115,0.5040515773147478,6.068927764892578,5.258999404907226,6.153317794799804,1.1178979873657227
050901,QUEROBAMBA,SUCRE,AYACUCHO,7.117060852050781,3.218370771408081,9.943315696716308,2.0581369350978744,6.899813938140869,4.800197134017944,9.358955345153808,6.724944925308227
050902,BELEN,SUCRE,AYACUCHO,8.78167667388916,8.78167667388916,8.78167667388916,0.0,8.78167667388916,8.78167667388916,8.78167667388916,0.0
050903,CHALCOS,SUCRE,AYACUCHO,8.571016693115235,7.71937370300293,9.422659301757813,0.851642799377468,8.571016693115235,7.889702262878418,9.252330741882323,1.7032855987548827
050904,CHILCAYOC,SUCRE,AYACUCHO,6.289273452758789,6.289273452758789,6.289273452758789,0.0,6.289273452758789,6.289273452758789,6.289273452758789,0.0
050905,HUACANA,SUCRE,AYACUCHO,5.003026275634765,2.7799078464508056,8.117024135589599,1.9867610865238894,4.524699401855469,2.9680803203582764,7.4074788093566895,5.337116289138794
050906,MORCOLLA,SUCRE,AYACUCHO,5.285691146850586,2.964992380142212,8.264963912963868,1.831293780881706,4.756860828399658,3.266403193473816,7.811267528533935,5.2999715328216555
050907,PAICO,SUCRE,AYACUCHO,5.37165470123291,4.975205039978027,5.768104171752929,0.3964495658874794,5.37165470123291,5.054494953155517,5.688814258575439,0.7928991317749023
050908,SAN PEDRO DE LARCAY,SUCRE,AYACUCHO,3.8074247880415486,2.409641647338867,4.9782994270324705,0.7728705165992391,3.951393747329712,2.7317954540252685,4.556939888000488,2.5686577796936034
050909,SAN SALVADOR DE QUIJE,SUCRE,AYACUCHO,4.211816533406575,2.39072470664978,6.093544864654541,1.2596686284615752,4.005104351043701,2.8323675632476806,5.79797773361206,3.702820158004761
050910,SANTIAGO DE PAUCARAY,SUCRE,AYACUCHO,3.5757889270782472,3.434382963180542,3.7171950340270996,0.1414060354233093,3.5757889270782472,3.462664170265198,3.6889138269424437,0.28281207084655763
050911,SORAS,SUCRE,AYACUCHO,3.2671500015258785,2.0113409757614136,5.697970294952393,0.989534985121517,3.077951431274414,2.265825083255768,4.158965239524841,3.686629319190979
051001,HUANCAPI,VICTOR FAJARDO,AYACUCHO,4.70783222743443,2.990470552444458,7.4756067276000975,1.4752091120385895,4.270401859283448,3.2177251815795898,6.419857101440431,4.48513617515564
051002,ALCAMENCA,VICTOR FAJARDO,AYACUCHO,7.476503372192383,7.14622163772583,7.9415820121765135,0.3384337349914225,7.3417067527771,7.185318660736084,7.821606960296632,0.7953603744506836
051003,APONGO,VICTOR FAJARDO,AYACUCHO,4.059205627441406,2.0204345703125,7.619844818115235,1.9484217352767275,3.707295036315918,2.1107878923416137,6.359533977508545,5.5994102478027346
051004,ASQUIPATA,VICTOR FAJARDO,AYACUCHO,5.387670230865479,4.453079414367676,6.322260951995849,0.9345907688140931,5.387670230865479,4.639997568130492,6.135342798233031,1.8691815376281737
051005,CANARIA,VICTOR FAJARDO,AYACUCHO,3.5405364296653055,2.0589765548706054,7.069595813751221,1.6757973846888548,2.723112201690674,2.0954281806945803,6.5662023544311525,5.010619258880615
051006,CAYARA,VICTOR FAJARDO,AYACUCHO,7.082874870300293,6.862500381469727,7.303249645233154,0.22037463188178924,7.082874870300293,6.906575307846069,7.259174718856812,0.4407492637634277
051007,COLCA,VICTOR FAJARDO,AYACUCHO,9.021216201782227,8.556341171264648,9.437774848937988,0.3624154461658182,9.069533157348634,8.658979568481445,9.364126510620116,0.8814336776733398
051008,HUAMANQUIQUIA,VICTOR FAJARDO,AYACUCHO,5.803590583801269,5.692602920532226,5.914578247070312,0.11098766326925258,5.803590583801269,5.714800453186035,5.892380714416505,0.22197532653808594
051009,HUANCARAYLLA,VICTOR FAJARDO,AYACUCHO,4.220737075805664,2.968972682952881,6.82473316192627,1.3569474410727729,3.8547759532928465,3.134479656219482,5.723825340270997,3.8557604789733886
051010,HUALLA,VICTOR FAJARDO,AYACUCHO,4.691541213989258,3.174927759170532,8.151387882232665,1.819446157284133,4.250820350646973,3.2042629909515385,6.74375467300415,4.976460123062134
051011,SARHUA,VICTOR FAJARDO,AYACUCHO,3.393907928466797,1.8145246505737305,6.3717344284057615,1.6764904841255799,2.807611513137817,1.9329149937629702,5.945327663421631,4.557209777832031
051012,VILCANCHOS,VICTOR FAJARDO,AYACUCHO,2.889163360595703,0.5495029509067535,6.250791740417481,1.483552386575526,2.7219468116760255,1.4872771406173704,4.517891693115234,5.701288789510727
051101,VILCAS HUAMAN,VILCAS HUAMAN,AYACUCHO,5.001922716413225,3.4344945430755613,8.064404964447021,1.6910789093268215,3.7836113929748536,3.532849645614624,7.182257862091065,4.62991042137146
051102,ACCOMARCA,VILCAS HUAMAN,AYACUCHO,7.494693279266357,5.604824542999268,8.910582542419434,1.4080448113324855,7.73168306350708,5.925346975326538,8.874447765350343,3.305757999420166
051103,CARHUANCA,VILCAS HUAMAN,AYACUCHO,4.879879951477051,3.5822725772857664,6.1774872779846195,1.2976073503494316,4.879879951477051,3.841794047355652,5.917965807914735,2.5952147006988526
051104,CONCEPCION,VILCAS HUAMAN,AYACUCHO,5.820208104451497,2.967093324661255,10.174681282043457,2.5027556001725317,5.219659233093262,3.293501949310303,8.947462701797486,7.207587957382202
051105,HUAMBALPA,VILCAS HUAMAN,AYACUCHO,5.223192151387533,2.929291105270386,8.534542465209961,2.1148478547585805,4.733591175079345,3.1041426181793215,7.831842660903931,5.605251359939575
051106,INDEPENDENCIA,VILCAS HUAMAN,AYACUCHO,8.307659339904784,7.258657646179199,9.356661224365235,1.049001789093073,8.307659339904784,7.468458003997803,9.14686086654663,2.0980035781860353
051107,SAURAMA,VILCAS HUAMAN,AYACUCHO,8.422577158610025,6.302256393432617,9.971924972534179,1.5516149349373733,8.993549919128418,6.840515098571776,9.77624996185303,3.6696685791015624
051108,VISCHONGO,VILCAS HUAMAN,AYACUCHO,4.591921005249024,2.986071825027466,6.990919780731201,1.0119794274098575,4.5514298439025875,3.586605634689332,5.251035594940184,4.0048479557037355
060101,CAJAMARCA,CAJAMARCA,CAJAMARCA,5.7251131693522135,4.7432867050170895,8.473860359191894,1.134464623624966,5.197685718536377,4.898901891708374,7.527925596237184,3.7305736541748047
060102,ASUNCION,CAJAMARCA,CAJAMARCA,12.426243591308594,6.6105352401733395,15.872833442687988,3.0734750411075504,12.618380165100097,8.53188793182373,15.836200561523437,9.262298202514648
060103,CHETILLA,CAJAMARCA,CAJAMARCA,8.567107009887696,7.245065498352051,9.88914852142334,1.3220415115356785,8.567107009887696,7.50947380065918,9.62474021911621,2.644083023071289
060104,COSPAN,CAJAMARCA,CAJAMARCA,10.1214893541838,5.967146682739258,14.036814880371093,2.21310110502244,10.58643856048584,6.655741271972656,12.957404441833498,8.069668197631836
060105,ENCANADA,CAJAMARCA,CAJAMARCA,5.851354356245561,4.405367469787597,8.268362426757813,0.9776473336785723,5.78745403289795,4.827972850799561,6.988734378814698,3.8629949569702147
060106,JESUS,CAJAMARCA,CAJAMARCA,8.059989374334162,5.09499158859253,9.3480806350708,1.2601730209693014,8.251183319091798,6.536345481872559,9.173443412780761,4.253089046478271
060107,LLACANORA,CAJAMARCA,CAJAMARCA,8.077594661712647,8.077594661712647,8.077594661712647,0.0,8.077594661712647,8.077594661712647,8.077594661712647,0.0
060108,LOS BANOS DEL INCA,CAJAMARCA,CAJAMARCA,6.817465633816188,4.795299911499024,8.519704246520996,1.2920342214799978,6.661581802368164,5.089206314086914,8.209326515197754,3.7244043350219727
060109,MAGDALENA,CAJAMARCA,CAJAMARCA,11.732634735107421,5.887657928466797,16.352643394470213,3.3585457533313856,12.648061561584473,7.092363605499267,15.479749584197998,10.464985466003418
060110,MATARA,CAJAMARCA,CAJAMARCA,8.978918266296386,8.978918266296386,8.978918266296386,0.0,8.978918266296386,8.978918266296386,8.978918266296386,0.0
060111,NAMORA,CAJAMARCA,CAJAMARCA,6.727622985839844,4.886645221710205,7.785741138458252,0.9925756929678503,6.887653541564942,5.534510469436645,7.760704803466797,2.899095916748047
060112,SAN JUAN,CAJAMARCA,CAJAMARCA,10.783151626586914,9.27966079711914,12.286642837524415,1.5034910202026668,10.783151626586914,9.580359001159668,11.985944633483886,3.0069820404052736
060201,CAJABAMBA,CAJABAMBA,CAJAMARCA,10.950046648297992,6.19358720779419,13.822279357910157,2.5360461137912695,10.971286582946778,7.774850273132325,13.417338523864748,7.628692150115967
060202,CACHACHI,CAJABAMBA,CAJAMARCA,9.005235120985244,5.205074119567871,13.4462646484375,2.3989567799470146,8.89656867980957,5.803804416656495,12.237994880676272,8.241190528869629
060203,CONDEBAMBA,CAJABAMBA,CAJAMARCA,13.303595624651228,11.66063175201416,14.487098503112794,0.9467215503193203,13.403221893310548,12.071174240112304,14.36330764770508,2.826466751098633
060204,SITACOCHA,CAJABAMBA,CAJAMARCA,12.975989447699652,6.136922168731689,19.051918029785156,4.043589724943024,13.754615974426269,7.637088193893433,18.190585899353028,12.914995861053466
060301,CELENDIN,CELENDIN,CAJAMARCA,13.501226806640625,9.469394302368164,18.660303115844727,2.791869495281064,13.570779037475585,9.860163650512696,17.386243591308595,9.190908813476563
060302,CHUMUCH,CELENDIN,CAJAMARCA,11.675369044712614,7.35525541305542,17.3415283203125,3.494721513945411,12.826239585876465,7.701772441864014,15.291382217407229,9.98627290725708
060303,CORTEGANA,CELENDIN,CAJAMARCA,12.665052456325956,8.461752891540527,17.75598258972168,3.2654420757393865,11.078006172180176,8.75573513031006,17.001977767944332,9.294229698181152
060304,HUASMIN,CELENDIN,CAJAMARCA,7.174505145733173,4.8183318138122555,11.89506893157959,1.9098317806794263,6.636309051513672,5.511843929290772,9.20077018737793,7.076737117767334
060305,JORGE CHAVEZ,CELENDIN,CAJAMARCA,11.129944610595704,9.839988899230956,12.419900703430176,1.289955902099645,11.129944610595704,10.097980079650878,12.161909523010255,2.579911804199219
060306,JOSE GALVEZ,CELENDIN,CAJAMARCA,8.834859466552734,8.834859466552734,8.834859466552734,0.0,8.834859466552734,8.834859466552734,8.834859466552734,0.0
060307,MIGUEL IGLESIAS,CELENDIN,CAJAMARCA,8.922098286946616,6.0229597091674805,14.558493995666504,2.588803933944543,8.013957595825195,6.547457084655763,12.431890907287599,8.535534286499024
060308,OXAMARCA,CELENDIN,CAJAMARCA,9.699755859375,4.867191028594971,16.686840057373047,3.697956280922605,8.938126373291016,5.419765224456787,14.502044773101806,11.819649028778077
060309,SOROCHUCO,CELENDIN,CAJAMARCA,6.380321611676897,4.8284276008605955,9.371024131774902,1.5925739036321498,5.520899868011474,5.042854232788086,8.614552955627442,4.542596530914307
060310,SUCRE,CELENDIN,CAJAMARCA,6.978397115071614,5.267093372344971,9.205020904541016,1.2732779986987455,6.833925056457519,5.5362771797180175,8.62815673828125,3.9379275321960447
060311,UTCO,CELENDIN,CAJAMARCA,11.747963523864746,9.954951667785645,13.540975761413574,1.7930120468139905,11.747963523864746,10.313554077148439,13.18237335205078,3.5860240936279295
060312,LA LIBERTAD DE PALLAN,CELENDIN,CAJAMARCA,9.093040657043456,7.388443851470948,11.234936332702636,1.3841566377494179,8.874391174316406,7.7768300342559815,10.584170799255372,3.8464924812316896
060401,CHOTA,CHOTA,CAJAMARCA,9.68843036998402,7.24887752532959,11.55165500640869,1.2928597389812946,9.762893676757812,7.701626968383789,11.355619049072265,4.302777481079102
060402,ANGUIA,CHOTA,CAJAMARCA,12.166182200113933,10.70924015045166,13.420643615722657,0.9251023416478358,12.39024085998535,10.983648586273194,13.124657249450683,2.711403465270996
060403,CHADIN,CHOTA,CAJAMARCA,12.14573860168457,11.956970024108887,12.33450698852539,0.1887684822086162,12.14573860168457,11.994723720550537,12.29675329208374,0.3775369644165039
060404,CHIGUIRIP,CHOTA,CAJAMARCA,10.188112831115722,10.188112831115722,10.188112831115722,0.0,10.188112831115722,10.188112831115722,10.188112831115722,0.0
060405,CHIMBAN,CHOTA,CAJAMARCA,15.704471740722656,14.08865795135498,17.390656661987304,1.0710370397351716,15.475807189941406,14.635066108703612,16.87941741943359,3.3019987106323243
060406,CHOROPAMPA,CHOTA,CAJAMARCA,14.01302261352539,11.258997535705566,17.947015380859376,2.3483034724065077,13.464990997314453,11.632892894744874,16.941186141967773,6.688017845153809
060407,COCHABAMBA,CHOTA,CAJAMARCA,12.704689534505208,12.161705589294433,13.540391159057616,0.59999271140905,12.411970901489259,12.2117586517334,13.314707107543944,1.3786855697631837
060408,CONCHAN,CHOTA,CAJAMARCA,10.273710021972656,8.437978172302246,11.44835262298584,1.0115499628211904,10.608488464355469,9.110998344421386,11.170292778015137,3.0103744506835937
060409,HUAMBOS,CHOTA,CAJAMARCA,11.902556355794271,9.273625755310059,13.752753639221192,1.4347648889411377,12.369480323791503,10.132299766540527,13.452952308654783,4.479127883911133
060410,LAJAS,CHOTA,CAJAMARCA,10.897374267578124,9.81786060333252,11.554418182373047,0.5942020093099765,10.97773094177246,10.227832069396973,11.450279846191407,1.7365575790405274
060411,LLAMA,CHOTA,CAJAMARCA,14.67901066371373,8.923806953430176,18.438766479492188,2.7648786966164898,14.580361366271973,11.052338047027586,18.134068107604982,9.514959526062011
060412,MIRACOSTA,CHOTA,CAJAMARCA,12.157164255777996,6.902297401428223,16.94707832336426,3.0956305364715986,12.965625381469726,8.14301736831665,15.874194049835205,10.044780921936034
060413,PACCHA,CHOTA,CAJAMARCA,10.154075749715169,7.866823196411133,11.372331237792968,1.618569353907096,11.22307300567627,8.538073158264162,11.342479591369628,3.505508041381836
060414,PION,CHOTA,CAJAMARCA,16.69408447265625,14.529669570922852,17.798342132568358,1.131063907531636,16.972933959960937,15.458787460327148,17.605811004638674,3.268672561645508
060415,QUEROCOTO,CHOTA,CAJAMARCA,9.49281940460205,7.366949653625488,11.545245170593262,1.432738255077661,9.925507164001464,7.468032875061036,11.161293125152588,4.178295516967774
060416,SAN JUAN DE LICUPIS,CHOTA,CAJAMARCA,13.280866813659667,6.488601493835449,18.13762512207031,4.106329101984803,14.827242279052735,8.089709835052492,17.6075101852417,11.649023628234863
060417,TACABAMBA,CHOTA,CAJAMARCA,10.565134974888393,8.280213356018066,13.237951278686523,1.3712198614549613,10.410906028747558,9.3082173538208,11.964263916015627,4.957737922668457
060418,TOCMOCHE,CHOTA,CAJAMARCA,16.35095272064209,13.612115287780762,17.951836013793944,1.2851110142580757,16.862047958374024,14.80573486328125,17.418488426208494,4.339720726013184
060419,CHALAMARCA,CHOTA,CAJAMARCA,9.007462615966796,6.964234161376953,10.623013687133788,1.2726484186351477,8.73295192718506,7.64061164855957,10.39858184814453,3.658779525756836
060501,CONTUMAZA,CONTUMAZA,CAJAMARCA,11.076990356445313,7.890293121337891,15.19836483001709,2.315566902702007,11.232693099975586,8.434261932373047,14.885568103790282,7.308071708679199
060502,CHILETE,CONTUMAZA,CAJAMARCA,16.361942036946616,13.949979782104492,18.39409408569336,1.5793591624607948,16.561392974853515,14.384967231750489,18.13946647644043,4.444114303588867
060503,CUPISNIQUE,CONTUMAZA,CAJAMARCA,14.989034356011285,12.709222030639648,17.498233795166016,1.3378267432761455,15.19644889831543,13.304228897094726,16.21865951538086,4.789011764526367
060504,GUZMANGO,CONTUMAZA,CAJAMARCA,9.133819770812988,9.069779014587402,9.197860527038575,0.06404075622633545,9.133819770812988,9.082587165832518,9.185052375793457,0.12808151245117189
060505,SAN BENITO,CONTUMAZA,CAJAMARCA,15.870680618286134,11.93840045928955,18.391574096679687,2.1602642593067087,16.929519271850587,13.031020164489746,18.21380023956299,6.453173637390137
060506,SANTA CRUZ DE TOLED,CONTUMAZA,CAJAMARCA,11.016635131835937,10.216462898254395,11.816807746887207,0.8001724243165208,11.016635131835937,10.376497383117677,11.656773262023925,1.6003448486328125
060507,TANTARICA,CONTUMAZA,CAJAMARCA,15.182959747314452,11.62277717590332,18.646433639526368,2.473764922328684,14.841791915893555,12.40690107345581,18.300185775756837,7.0236564636230465
060508,YONAN,CONTUMAZA,CAJAMARCA,18.06189541286892,17.249392700195312,18.622178268432616,0.4147474711106316,18.14242515563965,17.4469783782959,18.54766529083252,1.3727855682373047
060601,CUTERVO,CUTERVO,CAJAMARCA,11.716248168945311,9.866794967651368,14.813915634155274,1.5556584395206232,11.089110183715821,10.192411193847656,14.121430397033688,4.947120666503906
060602,CALLAYUC,CUTERVO,CAJAMARCA,14.628732022372159,11.936050987243652,17.05202865600586,1.8561350039547744,14.376008033752441,12.147950553894043,17.00828399658203,5.115977668762207
060603,CHOROS,CUTERVO,CAJAMARCA,18.142564174107143,15.802744483947754,19.92447166442871,1.4142201761699864,18.661330032348634,16.340462417602538,19.778688354492186,4.121727180480957
060604,CUJILLO,CUTERVO,CAJAMARCA,17.64592742919922,15.979071617126465,19.51790084838867,1.2677966585623568,17.543367767333983,16.373326816558837,19.000574569702145,3.538829231262207
060605,LA RAMADA,CUTERVO,CAJAMARCA,12.754776573181152,12.567837142944336,12.941715812683105,0.1869393348697412,12.754776573181152,12.605225009918211,12.90432794570923,0.37387866973876954
060606,PIMPINGOS,CUTERVO,CAJAMARCA,15.264358011881509,13.605791282653808,17.164085388183594,1.215047339584768,15.201169967651367,13.870724868774413,16.721179294586182,3.558294105529785
060607,QUEROCOTILLO,CUTERVO,CAJAMARCA,12.021106974283855,6.4753419876098635,18.034656143188478,3.2834287930978463,12.2977725982666,7.288779134750368,15.802166423797606,11.559314155578614
060608,SAN ANDRES DE CUTERVO,CUTERVO,CAJAMARCA,11.206646982828776,10.178718948364258,12.606780242919921,1.0256288984180315,10.834441375732421,10.30986343383789,12.252312469482423,2.428061294555664
060609,SAN JUAN DE CUTERVO,CUTERVO,CAJAMARCA,16.82311019897461,15.913423538208008,17.73279685974121,0.9096866607668483,16.82311019897461,16.095360870361326,17.550859527587892,1.819373321533203
060610,SAN LUIS DE LUCMA,CUTERVO,CAJAMARCA,11.210442161560058,10.614847373962402,11.806036949157715,0.5955947875977301,11.210442161560058,10.733966331481934,11.686917991638184,1.1911895751953125
060611,SANTA CRUZ,CUTERVO,CAJAMARCA,15.622432708740234,14.391059875488281,16.921960830688477,0.9695636970133199,15.588355445861817,14.592547073364255,16.679580631256105,2.5309009552001953
060612,SANTO DOMINGO DE LA CAPILLA,CUTERVO,CAJAMARCA,12.686823018391927,11.69847812652588,13.999688911437989,0.9670865769640121,12.362302017211913,11.831242904663087,13.672211532592774,2.3012107849121093
060613,SANTO TOMAS,CUTERVO,CAJAMARCA,14.084451729910715,11.35151252746582,17.09133186340332,1.9678156540101668,14.432085990905762,11.585059432983396,16.527384185791014,5.7398193359375
060614,SOCOTA,CUTERVO,CAJAMARCA,10.567040379842123,8.954399108886719,11.975401306152344,0.9933482375140008,10.758954811096192,9.345271682739257,11.596895027160645,3.021002197265625
060615,TORIBIO CASANOVA,CUTERVO,CAJAMARCA,18.230849075317384,16.568635559082033,19.43114356994629,1.0381873006312419,18.46180839538574,17.13027370452881,19.146657066345217,2.862508010864258
060701,BAMBAMARCA,HUALGAYOC,CAJAMARCA,9.025599670410156,6.236603546142578,10.587768363952637,1.1543705560005884,9.282156562805175,7.6210827732086175,10.309697799682617,4.351164817810059
060702,CHUGUR,HUALGAYOC,CAJAMARCA,8.515177345275879,6.1165083885192875,11.096329307556152,1.9052378857539813,8.42393627166748,6.502306890487671,10.601041374206543,4.979820919036865
060703,HUALGAYOC,HUALGAYOC,CAJAMARCA,6.555623299734933,5.0520813941955565,8.41411895751953,1.0312471285057412,6.369624900817871,5.444895896911621,7.718636322021484,3.3620375633239745
060801,JAEN,JAEN,CAJAMARCA,15.182750883556547,11.484764671325683,19.585490036010743,2.583925673510135,15.070586776733398,12.05308780670166,18.191054916381837,8.100725364685058
060802,BELLAVISTA,JAEN,CAJAMARCA,19.91084615773168,16.50767402648926,21.375713729858397,1.038225422895205,20.192390823364256,18.683480911254883,20.773767242431642,4.86803970336914
060803,CHONTALI,JAEN,CAJAMARCA,11.05021231515067,7.8141786575317385,15.105133628845214,2.4336011618135833,10.683195686340332,8.012463188171386,14.179904880523683,7.290954971313477
060804,COLASAY,JAEN,CAJAMARCA,14.706906467013889,11.874266242980957,16.897882843017577,1.45255982937492,15.093706512451172,12.936950645446776,16.26360771179199,5.023616600036621
060805,HUABAL,JAEN,CAJAMARCA,15.577989196777343,14.339248847961425,17.211466979980468,1.2054052218459261,15.183252906799316,14.508049659729005,16.805824165344237,2.872218132019043
060806,LAS PIRIAS,JAEN,CAJAMARCA,16.781520080566406,16.781520080566406,16.781520080566406,0.0,16.781520080566406,16.781520080566406,16.781520080566406,0.0
060807,POMAHUACA,JAEN,CAJAMARCA,13.025508989606584,10.082125091552735,17.1617733001709,1.8738519735504977,12.537027168273926,11.108861045837402,15.682265224456788,7.079648208618164
060808,PUCARA,JAEN,CAJAMARCA,15.078110758463541,12.567257118225097,17.359864807128908,1.7446774661203768,14.939913749694824,13.191738891601563,17.102679824829103,4.792607688903809
060809,SALLIQUE,JAEN,CAJAMARCA,12.413521067301433,8.281789588928223,15.721458053588867,2.363059472645916,11.992671394348145,9.363166885375977,15.340230731964112,7.439668464660644
060810,SAN FELIPE,JAEN,CAJAMARCA,13.451202901204429,8.895059967041016,16.351315879821776,2.3641931948376596,14.318605995178222,10.876775970458985,16.29313106536865,7.456255912780762
060811,SAN JOSE DEL ALTO,JAEN,CAJAMARCA,14.584935238486844,10.029163360595703,17.8335391998291,2.034801534757891,14.95937271118164,12.12943260192871,17.195344390869142,7.804375839233399
060812,SANTA ROSA,JAEN,CAJAMARCA,18.99211952903054,15.727166557312012,21.04328269958496,1.6924109236047165,19.856140518188475,16.815850830078126,20.71264190673828,5.316116142272949
060901,SAN IGNACIO,SAN IGNACIO,CAJAMARCA,17.49974482609675,15.187357711791993,19.089165878295898,1.2063825922873792,17.496435165405273,15.663820419311524,18.85161682128906,3.901808166503906
060902,CHIRINOS,SAN IGNACIO,CAJAMARCA,17.357200368245444,13.661807823181153,20.130954360961915,2.097112315164127,17.575581741333007,14.726151714324951,20.027594528198243,6.4691465377807615
060903,HUARANGO,SAN IGNACIO,CAJAMARCA,17.491712239583332,14.134903526306152,21.015549087524413,1.8165056530460344,17.487671661376954,14.626761798858643,19.884533462524416,6.8806455612182615
060904,LA COIPA,SAN IGNACIO,CAJAMARCA,15.917212746360084,14.025149917602539,18.413780212402344,1.1187714461408345,15.976031684875489,14.76668872833252,16.934914779663085,4.388630294799805
060905,NAMBALLE,SAN IGNACIO,CAJAMARCA,13.7092529296875,9.616279220581054,18.106289291381835,2.8169914080614684,13.905571937561035,9.904298973083495,17.39620567321777,8.490010070800782
060906,SAN JOSE DE LOURDES,SAN IGNACIO,CAJAMARCA,16.234022322944973,12.981340217590333,19.051760482788087,1.535370712019438,16.504280471801756,14.151033210754395,18.17483901977539,6.070420265197754
060907,TABACONAS,SAN IGNACIO,CAJAMARCA,12.035556969275842,8.664057350158691,16.449533462524414,2.061638255864184,11.3882625579834,9.844753742218018,14.741351413726807,7.785476112365723
061001,PEDRO GALVEZ,SAN MARCOS,CAJAMARCA,9.459744940863716,5.650171756744385,11.031928443908692,1.5630227357705668,9.999407386779785,7.845476703643799,10.651317329406737,5.381756687164307
061002,CHANCAY,SAN MARCOS,CAJAMARCA,11.381151962280274,11.339128494262695,11.423175239562989,0.04202337265083857,11.381151962280274,11.347533168792726,11.414770565032958,0.08404674530029296
061003,EDUARDO VILLANUEVA,SAN MARCOS,CAJAMARCA,11.089790153503419,11.089790153503419,11.089790153503419,0.0,11.089790153503419,11.089790153503419,11.089790153503419,0.0
061004,GREGORIO PITA,SAN MARCOS,CAJAMARCA,6.676352037702289,4.449242877960205,8.444021034240723,1.3896631670879869,6.71307144165039,4.903541965484619,8.42761489868164,3.9947781562805176
061005,ICHOCAN,SAN MARCOS,CAJAMARCA,11.932884025573731,10.604106330871582,13.261661911010743,1.3287777900696311,11.932884025573731,10.869861888885499,12.995906352996826,2.65755558013916
061006,JOSE MANUEL QUIROZ,SAN MARCOS,CAJAMARCA,8.759338188171387,7.540478801727295,10.219235801696778,1.0855943235514158,8.63881893157959,7.650829515457152,9.96426206588745,2.6787569999694822
061007,JOSE SABOGAL,SAN MARCOS,CAJAMARCA,10.858584953756894,5.187405967712403,17.151595306396484,3.7388878585120344,11.247494506835938,6.640030498504639,15.9754260635376,11.964189338684083
061101,SAN MIGUEL,SAN MIGUEL,CAJAMARCA,11.873103841145834,6.096670150756836,17.677445220947266,4.122083267330846,11.139474487304687,6.8784770488739015,16.892996158599853,11.58077507019043
061102,BOLIVAR,SAN MIGUEL,CAJAMARCA,15.786837196350097,14.290002822875977,17.283671569824218,1.4968343734741811,15.786837196350097,14.589369697570799,16.984304695129392,2.9936687469482424
061103,CALQUIS,SAN MIGUEL,CAJAMARCA,8.238837687174478,5.320698070526123,13.9498140335083,2.3644809270078992,7.5926285743713375,6.120554151535035,10.923529167175293,8.629115962982178
061104,CATILLUC,SAN MIGUEL,CAJAMARCA,6.504154423304968,5.138067817687988,7.946395587921143,1.0302121436785197,6.30799036026001,5.377422142028808,7.856185302734374,2.8083277702331544
061105,EL PRADO,SAN MIGUEL,CAJAMARCA,9.064081382751464,7.6181682586669925,10.509994316101075,1.4459130287170727,9.064081382751464,7.907350864410401,10.220811710357665,2.891826057434082
061106,LA FLORIDA,SAN MIGUEL,CAJAMARCA,17.377007039388022,16.248560523986818,18.82095603942871,1.0737100529059802,17.061504364013672,16.41114929199219,18.469065704345702,2.5723955154418947
061107,LLAPA,SAN MIGUEL,CAJAMARCA,5.823290157318115,5.310942459106445,6.473377990722656,0.48037815486451424,5.754419898986816,5.343347005844116,6.358329362869262,1.162435531616211
061108,NANCHOC,SAN MIGUEL,CAJAMARCA,17.67919381948618,15.684941673278809,18.833882904052736,0.7972137021364674,17.76808738708496,16.878867416381837,18.498922729492186,3.148941230773926
061109,NIEPOS,SAN MIGUEL,CAJAMARCA,13.096518452962238,6.887546253204346,18.444404220581056,3.987921863736785,12.733493614196778,8.609778642654419,17.946282577514648,11.55685796737671
061110,SAN GREGORIO,SAN MIGUEL,CAJAMARCA,16.830302290482955,11.54572639465332,18.468646240234374,2.0277495591355215,17.66251335144043,14.714528465270996,18.429932403564454,6.922919845581054
061111,SAN SILVESTRE DE COCHAN,SAN MIGUEL,CAJAMARCA,6.17209602355957,5.4648024559021,6.888284969329834,0.4525884594065735,6.142682647705078,5.725891971588135,6.631844348907471,1.4234825134277345
061112,TONGOD,SAN MIGUEL,CAJAMARCA,7.702978820800782,5.740131282806397,9.605486297607422,1.3542713370576385,7.976811313629151,6.124923686981202,9.159433364868164,3.8653550148010254
061113,UNION AGUA BLANCA,SAN MIGUEL,CAJAMARCA,13.837556152343751,8.376958560943603,16.895002365112305,3.1949826187010593,15.336668014526367,9.88331838607788,16.71151954650879,8.518043804168702
061201,SAN PABLO,SAN PABLO,CAJAMARCA,9.422242355346679,5.435546588897705,13.0917236328125,2.6173330241996395,9.765937614440919,5.984583187103271,12.748427658081056,7.656177043914795
061202,SAN BERNARDINO,SAN PABLO,CAJAMARCA,12.751004028320313,8.085878658294678,16.693621826171874,3.5510408233319324,13.473510932922363,9.163405113220216,16.049599647521973,8.607743167877198
061203,SAN LUIS,SAN PABLO,CAJAMARCA,16.744342422485353,15.681420516967773,17.807265090942384,1.062922286987519,16.744342422485353,15.894004974365235,17.594680633544918,2.1258445739746095
061204,TUMBADEN,SAN PABLO,CAJAMARCA,6.270500292096819,4.8482866287231445,8.149273204803468,1.0232817126743954,5.992361640930175,5.308326244354248,7.6359728431701654,3.300986576080322
061301,SANTA CRUZ,SANTA CRUZ,CAJAMARCA,12.9657953898112,12.364565086364745,13.756392669677734,0.5838351595318026,12.776428413391113,12.446937751770019,13.56039981842041,1.3918275833129883
061302,ANDABAMBA,SANTA CRUZ,CAJAMARCA,10.211351203918458,10.211351203918458,10.211351203918458,0.0,10.211351203918458,10.211351203918458,10.211351203918458,0.0
061303,CATACHE,SANTA CRUZ,CAJAMARCA,13.154971652560764,9.304143524169922,17.728536224365236,2.6966188563757454,12.741566467285157,9.579984970092772,16.784946308135986,8.424392700195312
061304,CHANCAYBANOS,SANTA CRUZ,CAJAMARCA,13.06696990966797,11.964824676513672,13.869664192199707,0.7153400541416548,13.355466079711913,12.186153182983398,13.772497825622557,1.9048395156860352
061305,LA ESPERANZA,SANTA CRUZ,CAJAMARCA,12.47632999420166,12.47632999420166,12.47632999420166,0.0,12.47632999420166,12.47632999420166,12.47632999420166,0.0
061306,NINABAMBA,SANTA CRUZ,CAJAMARCA,9.334976768493652,9.334976768493652,9.334976768493652,0.0,9.334976768493652,9.334976768493652,9.334976768493652,0.0
061307,PULAN,SANTA CRUZ,CAJAMARCA,9.549300842285158,7.847947788238526,11.274807548522949,1.1486542984126418,9.645487594604493,8.26654172897339,10.79841594696045,3.4268597602844237
061308,SAUCEPAMPA,SANTA CRUZ,CAJAMARCA,11.223650932312012,11.223650932312012,11.223650932312012,0.0,11.223650932312012,11.223650932312012,11.223650932312012,0.0
061309,SEXI,SANTA CRUZ,CAJAMARCA,12.649564906529019,10.090717315673828,14.782122611999512,1.6171575979112371,12.989241218566894,10.824734611511229,14.64160129547119,4.691405296325684
061310,UTICYACU,SANTA CRUZ,CAJAMARCA,12.59168300628662,12.59168300628662,12.59168300628662,0.0,12.59168300628662,12.59168300628662,12.59168300628662,0.0
061311,YAUYUCAN,SANTA CRUZ,CAJAMARCA,10.754428482055664,10.754428482055664,10.754428482055664,0.0,10.754428482055664,10.754428482055664,10.754428482055664,0.0
070101,CALLAO,CALLAO,CALLAO,17.821563720703125,17.821563720703125,17.821563720703125,0.0,17.821563720703125,17.821563720703125,17.821563720703125,0.0
070106,VENTANILLA,CALLAO,CALLAO,17.0619873046875,16.90212059020996,17.186061096191406,0.11687468956573419,17.079884719848632,16.931867790222164,17.177790336608886,0.2839405059814453
080101,CUSCO,CUSCO,CUSCO,3.165942764282227,2.1715199947357178,4.034050607681275,0.7656317905878826,3.292257881164551,2.395667572021485,3.8856920623779296,1.8625306129455566
080102,CCORCA,CUSCO,CUSCO,1.9394060897827146,0.7702830553054809,3.233278179168701,0.905650927517429,1.4883780479431152,1.0497806119918824,3.0343925476074216,2.4629951238632204
080103,POROY,CUSCO,CUSCO,3.66644549369812,3.66644549369812,3.66644549369812,0.0,3.66644549369812,3.66644549369812,3.66644549369812,0.0
080104,SAN JERONIMO,CUSCO,CUSCO,3.9737063725789383,2.784558582305908,4.610789012908936,0.8417759751615292,4.525771617889404,3.132801189422607,4.593785533905029,1.8262304306030273
080105,SAN SEBASTIAN,CUSCO,CUSCO,4.5882102966308596,4.4064079284667965,4.770012664794922,0.18180236816412026,4.5882102966308596,4.442768402099609,4.7336521911621094,0.363604736328125
080106,SANTIAGO,CUSCO,CUSCO,2.7405340671539307,2.7405340671539307,2.7405340671539307,0.0,2.7405340671539307,2.7405340671539307,2.7405340671539307,0.0
080108,WANCHAQ,CUSCO,CUSCO,4.673000335693359,4.673000335693359,4.673000335693359,0.0,4.673000335693359,4.673000335693359,4.673000335693359,0.0
080201,ACOMAYO,ACOMAYO,CUSCO,2.337841447194417,-0.24564531352370977,5.4720429420471195,1.9011526050636938,1.8351168632507324,0.412494579423219,4.765912771224976,5.717688255570829
080202,ACOPIA,ACOMAYO,CUSCO,5.140954081217448,3.511248826980591,7.668839645385742,1.812284472396854,4.242773723602295,3.6575538063049313,6.983626461029052,4.1575908184051515
080203,ACOS,ACOMAYO,CUSCO,5.679004669189453,3.8548012256622313,7.069241237640381,1.0385301719892355,5.749567031860352,4.5933876323699945,6.649603290557861,3.2144400119781493
080205,POMACANCHI,ACOMAYO,CUSCO,3.349206126819957,1.375980257987976,5.90144453048706,1.3830160346256835,3.1931270599365233,1.4023176431655884,5.085801696777343,4.525464272499084
080206,RONDOCAN,ACOMAYO,CUSCO,4.230379676818847,0.3443932145833969,7.987210941314697,2.6789698069808656,4.7305224418640135,0.8635078355669975,7.097108983993531,7.6428177267313
080207,SANGARARA,ACOMAYO,CUSCO,2.851886749267578,2.584786367416382,3.118987274169922,0.26710045337678606,2.851886749267578,2.638206458091736,3.0655671834945677,0.53420090675354
080301,ANTA,ANTA,CUSCO,3.3433841323852542,2.8512993335723875,3.7343505382537843,0.30832416534584967,3.422232961654663,2.978695878982544,3.6563093662261963,0.8830512046813965
080302,ANCAHUASI,ANTA,CUSCO,2.5530724048614504,-0.14799787253141403,4.463814449310303,1.8178667762022762,2.948236513137817,0.48405169054865843,4.305961842536926,4.611812321841716
080303,CACHIMAYO,ANTA,CUSCO,4.439802455902099,4.439802455902099,4.439802455902099,0.0,4.439802455902099,4.439802455902099,4.439802455902099,0.0
080304,CHINCHAYPUJIO,ANTA,CUSCO,5.256145935058594,1.6497945070266724,11.081893157958984,2.9464512018447255,4.802332210540771,2.2288311576843265,9.368260307312012,9.432098650932312
080305,HUAROCONDO,ANTA,CUSCO,0.9177340098789759,-1.0758239030838013,3.768642616271973,1.725901837291873,0.8573208570480346,-0.881192831993103,3.132644481658936,4.844466519355774
080306,LIMATAMBO,ANTA,CUSCO,4.560976813821232,-1.9121481657028199,10.386018753051758,4.079350549644791,4.172171974182129,-0.46383616283535944,9.757037887573244,12.298166918754578
080307,MOLLEPATA,ANTA,CUSCO,5.616062164306641,-0.4317950218915939,11.940597915649414,4.174664254881823,5.684103393554688,0.8950782060623169,9.94018726348877,12.372392937541008
080308,PUCYURA,ANTA,CUSCO,4.670231819152832,4.670231819152832,4.670231819152832,0.0,4.670231819152832,4.670231819152832,4.670231819152832,0.0
080309,ZURITE,ANTA,CUSCO,2.4064534505208335,0.69516162276268,3.5790261745452883,1.2379240697108875,2.945172595977783,1.1451638174057008,3.4522554588317873,2.883864551782608
080401,CALCA,CALCA,CUSCO,1.9284785842895509,-1.2506041765213012,6.972982025146484,2.7113333023973105,0.8337125420570374,-0.6452035146951676,6.1713522338867195,8.223586201667786
080402,COYA,CALCA,CUSCO,4.810986328125,1.8921388626098632,7.121094417572022,1.8949580462310813,5.115355968475342,2.739054613113404,6.639422264099122,5.228955554962158
080403,LAMAY,CALCA,CUSCO,3.3020167668660485,1.4770761013031006,5.375747585296631,1.6013521279299152,3.053226375579834,1.7923061561584472,4.911243343353272,3.8986714839935304
080404,LARES,CALCA,CUSCO,3.026583671569824,0.4897357583045959,7.749869346618652,1.9504746151072687,2.558553695678711,0.6719382423162461,5.299691534042358,7.260133588314057
080405,PISAC,CALCA,CUSCO,4.452586619059245,1.657762885093689,7.5923689842224125,2.1148899845327263,3.6030484676361083,2.4742160201072694,7.280495262145996,5.9346060991287235
080406,SAN SALVADOR,CALCA,CUSCO,5.233785565694173,4.603957080841065,6.312729263305664,0.7667135199404033,4.784670352935791,4.64009973526001,6.00711748123169,1.7087721824645996
080407,TARAY,CALCA,CUSCO,4.451097393035889,3.9152379035949707,4.986956787109375,0.5358594417572228,4.451097393035889,4.022409791946411,4.879784898757935,1.0717188835144043
080408,YANATILE,CALCA,CUSCO,9.58622490377987,1.6027088642120362,19.0660041809082,3.9750336143101217,9.320806503295898,4.832753849029541,14.758441791534427,17.46329531669617
080501,YANAOCA,CANAS,CUSCO,1.5807713402642143,-0.007583820819854736,3.4224320888519286,0.9706227488393949,1.7655180454254151,0.3240333211421967,2.3857447147369384,3.4300159096717833
080502,CHECCA,CANAS,CUSCO,0.7744679675382725,-0.3627865850925446,2.0198047876358034,0.7752872378645697,0.6973399996757508,-0.11377497253008184,1.7532804679870604,2.382591372728348
080503,KUNTURKANKI,CANAS,CUSCO,-0.005039237095759463,-1.0562347650527955,0.858800083398819,0.5147987862398498,0.10160399079322815,-0.6432618707418442,0.505148618221283,1.9150348484516144
080504,LANGUI,CANAS,CUSCO,0.8026528040568035,-0.16608773022890091,2.982173728942871,1.026185261054198,0.42499027848243714,0.03308895155787468,1.9498791158199311,3.148261459171772
080505,LAYO,CANAS,CUSCO,0.09978064809526714,-1.547457504272461,5.936439514160156,1.86389249211181,-0.41344297826290133,-1.447592567205429,1.6140062201023113,7.483897018432617
080506,PAMPAMARCA,CANAS,CUSCO,3.789056587219238,3.143605613708496,4.4345074653625485,0.6454509258270307,3.789056587219238,3.272695798873901,4.305417280197143,1.2909018516540527
080507,QUEHUE,CANAS,CUSCO,1.776121883392334,1.0622212529182433,2.5003993034362795,0.4785981218274779,1.8799366235733033,1.238868691921234,2.273924551010132,1.438178050518036
080508,TUPAC AMARU,CANAS,CUSCO,2.65207462310791,2.2288315296173096,3.2674051761627196,0.4452608271436965,2.459987211227417,2.2750626659393314,3.1059215831756593,1.03857364654541
080601,SICUANI,CANCHIS,CUSCO,-0.5436193180084228,-3.332020807266235,2.31239116191864,1.956697361023237,-0.7145336508750916,-2.937351632118225,2.1890321207046513,5.644411969184875
080602,CHECACUPE,CANCHIS,CUSCO,-2.3965736915325295,-4.514535427093506,5.029002666473389,2.308970370298642,-3.1115172863006593,-4.122344007492066,0.6454695206880551,9.543538093566895
080603,COMBAPATA,CANCHIS,CUSCO,1.8737531661987306,-0.2665080141276121,3.774899435043335,1.400846303930515,1.7749178171157838,0.25793210212141277,3.5884094715118406,4.041407449170947
080604,MARANGANI,CANCHIS,CUSCO,-0.4038900543661679,-3.172336292266846,2.621000289916992,1.6966081319240218,-0.37230808436870577,-2.5772265911102297,1.5494268369674686,5.793336582183838
080605,PITUMARCA,CANCHIS,CUSCO,-2.8023908403184676,-6.100513362884522,1.7358617067337037,1.8052656326585783,-3.22072057723999,-4.771626615524292,-0.008437522780150175,7.836375069618225
080606,SAN PABLO,CANCHIS,CUSCO,-1.1298251197451636,-4.729725933074951,3.3327407360076906,2.2299771695738935,-1.412765622138977,-3.7161374568939207,2.8435881614685057,8.062466669082642
080607,SAN PEDRO,CANCHIS,CUSCO,4.225605058670044,4.225605058670044,4.225605058670044,0.0,4.225605058670044,4.225605058670044,4.225605058670044,0.0
080608,TINTA,CANCHIS,CUSCO,3.7906925837198893,3.084459114074707,4.741211795806885,0.6981542309665161,3.546406936645508,3.1768486785888674,4.5022508239746095,1.6567526817321778
080701,SANTO TOMAS,CHUMBIVILCAS,CUSCO,0.4621506078919368,-2.026906633377075,4.004843378067017,1.6056217389698226,0.08577981069684029,-1.2365617036819458,3.1886235427856446,6.031750011444092
080702,CAPACMARCA,CHUMBIVILCAS,CUSCO,5.5093889236450195,0.6863945722579956,9.165601539611817,2.661186121734354,5.801668357849121,2.069175870418549,8.215190801620484,8.479206967353822
080703,CHAMACA,CHUMBIVILCAS,CUSCO,2.2615622780539772,0.37766624689102174,3.974806022644043,1.0173722816061557,2.2682827949523925,0.6472082537412643,3.3566339683532718,3.5971397757530212
080704,COLQUEMARCA,CHUMBIVILCAS,CUSCO,3.9434832436697826,0.5915529787540436,6.624803447723389,1.8655617907917583,4.250066947937012,1.2270759642124176,6.310117082595825,6.033250468969345
080705,LIVITACA,CHUMBIVILCAS,CUSCO,1.5506718635559082,-0.41378238797187805,4.312232494354248,1.2140521793172403,1.3955960512161254,0.12663942933082584,3.5596378660202044,4.726014882326126
080706,LLUSCO,CHUMBIVILCAS,CUSCO,1.4331491296941583,-1.0994258761405944,4.646148777008056,1.8756289157589308,0.9708614110946655,-0.6682687759399414,3.7144347190856934,5.745574653148651
080707,QUINOTA,CHUMBIVILCAS,CUSCO,2.722049856185913,0.9514373540878296,3.9381404876708985,1.0783008810076506,2.913309383392334,1.1399333488941192,3.913406410217285,2.986703133583069
080708,VELILLE,CHUMBIVILCAS,CUSCO,1.7243292959112868,0.22849154323339463,2.6678565979003905,0.6738501967832525,1.786467933654785,0.7372515764832496,2.5871286106109617,2.439365054666996
080801,ESPINAR,ESPINAR,CUSCO,-0.5791224852852201,-1.7965869188308716,1.038321590423584,0.6738305423882935,-0.6206015974283219,-1.3114159059524535,0.38344678457826403,2.8349085092544555
080802,CONDOROMA,ESPINAR,CUSCO,-4.1229465060763895,-5.134395885467529,-1.5799672842025756,0.78971981029928,-4.376633548736573,-4.707470598220826,-3.289245533943176,3.5544286012649535
080803,COPORAQUE,ESPINAR,CUSCO,-0.1052376937866211,-2.1850983142852782,1.6505945444107055,0.704094280735262,-0.03117224620655179,-1.0484374070167541,0.6594802248477938,3.835692858695984
080804,OCORURO,ESPINAR,CUSCO,-1.5298987822099164,-3.4351059913635256,-0.7381366610527038,0.9181089069201871,-1.1107990503311158,-3.2118139266967773,-0.7517712652683258,2.6969693303108215
080805,PALLPATA,ESPINAR,CUSCO,-1.371271304426522,-1.8505618810653686,-0.7038596928119659,0.26544798731597385,-1.3712443590164185,-1.6607681941986083,-1.016301634311676,1.1467021882534028
080806,PICHIGUA,ESPINAR,CUSCO,-0.014126422149794437,-1.1487714409828187,1.0058926463127136,0.7144243686502503,-0.12245226502418519,-0.8059649264812467,0.9552146852016449,2.154664087295532
080807,SUYCKUTAMBO,ESPINAR,CUSCO,-0.7843327613103959,-2.3878517389297484,1.0369731903076171,0.8984805638304112,-0.9245611310005188,-1.740677571296692,0.6919230699539185,3.424824929237366
080808,ALTO PICHIGUA,ESPINAR,CUSCO,-1.1513287734985351,-1.7555344820022583,-0.22455973029136658,0.3488509715631928,-1.1560961723327636,-1.487427473068237,-0.8713619673252108,1.5309747517108918
080901,SANTA ANA,LA CONVENCION,CUSCO,11.141947937011718,5.824195194244385,17.15604438781738,3.0700419085093773,11.239269638061524,7.392462930679322,15.206302814483644,11.331849193572998
080902,ECHARATE,LA CONVENCION,CUSCO,15.5414552718874,4.540416622161866,21.020201110839842,3.196465737977987,16.38684196472168,11.294927024841309,19.08201133728027,16.47978448867798
080903,HUAYOPATA,LA CONVENCION,CUSCO,9.636673990885418,3.927421474456787,16.17603645324707,3.6943945094705315,9.398808097839355,5.018969717025757,14.589692478179932,12.248614978790282
080904,MARANURA,LA CONVENCION,CUSCO,13.990851338704426,9.773212242126466,16.52291793823242,2.3811603282272946,14.722079467773437,10.909452152252197,16.3410231590271,6.749705696105957
080905,OCOBAMBA,LA CONVENCION,CUSCO,9.131944861778845,1.3440222501754762,18.450804138183592,4.366969696066754,9.327311897277832,3.592024040222168,14.582962799072266,17.10678188800812
080906,QUELLOUNO,LA CONVENCION,CUSCO,15.054972885594225,6.9313641548156735,20.194711685180664,3.1397789881691454,15.727750968933105,10.489803218841553,18.62071304321289,13.26334753036499
080907,KIMBIRI,LA CONVENCION,CUSCO,13.340254301183364,8.552424240112305,18.45343894958496,3.334147478044296,12.822494316101075,8.99708236694336,18.004036254882813,9.901014709472657
080908,SANTA TERESA,LA CONVENCION,CUSCO,4.5789464438833845,-2.908373308181763,14.11216697692871,4.389185446899139,3.713115692138672,-0.37715775668621065,11.331608200073243,17.020540285110474
080909,VILCABAMBA,LA CONVENCION,CUSCO,7.991511230468751,-0.2941022018669173,17.887594604492186,4.8135411427747155,7.7853553771972654,1.8232652783393863,15.314509944915775,18.181696806359106
080910,PICHARI,LA CONVENCION,CUSCO,14.248799223058365,7.844641017913818,19.19139862060547,3.726059521222852,15.612493133544922,9.405406265258788,18.59326644897461,11.34675760269165
080911,INKAWASI,LA CONVENCION,CUSCO,9.492367426554363,1.3978303909301757,15.993963813781738,4.528048232295128,9.892211723327637,3.175788164138795,15.11904893875122,14.596133422851562
080912,VILLA VIRGEN,LA CONVENCION,CUSCO,10.719268798828125,4.987786102294922,16.593079376220704,3.435184078371871,10.929621696472168,5.912994747161866,15.180760269165038,11.605293273925781
080913,VILLA KINTIARINA,LA CONVENCION,CUSCO,15.645878165108817,13.588915252685547,17.20636863708496,1.2513022291203935,15.962526893615722,13.83602363586426,16.92191749572754,3.617453384399414
080914,MEGANTONI,LA CONVENCION,CUSCO,21.194608711048158,15.308283042907714,22.422847747802734,1.2804084351318086,21.598585510253905,19.313724822998047,22.235646057128903,7.114564704895019
080915,KUMPIRUSHIATO,LA CONVENCION,CUSCO,12.251590859769571,4.831734275817871,18.065156173706054,3.386991208889775,12.893358039855958,7.48883493423462,16.561844329833985,13.233421897888183
080916,CIELO PUNCO,LA CONVENCION,CUSCO,15.406721242268882,13.569035911560059,16.52886505126953,1.3100047053123587,16.122262382507323,14.079681205749512,16.447544517517095,2.9598291397094725
080917,MANITEA,LA CONVENCION,CUSCO,15.432509765625,12.028913879394532,17.827375411987305,2.270405087690709,16.107183837890624,12.660049896240235,17.733353042602538,5.798461532592773
080918,UNION ASHANINKA,LA CONVENCION,CUSCO,16.34042080965909,11.497392845153808,19.05850944519043,2.503980855384508,17.43042449951172,12.881797218322754,18.77675590515137,7.5611166000366214
081001,PARURO,PARURO,CUSCO,2.8293650436401365,1.0868996858596802,3.848016929626465,0.9861439924725502,3.0772873878479006,1.6577170133590697,3.757081451416016,2.7611172437667846
081002,ACCHA,PARURO,CUSCO,4.370898001534599,1.2706857442855835,6.731830596923828,1.5637859744642415,4.660467052459717,2.7263731193542484,5.964263858795166,5.4611448526382445
081003,CCAPI,PARURO,CUSCO,6.610398610432943,3.17887921333313,10.633552742004394,2.914735668719623,7.0628870010375975,3.363364629745483,10.224110164642335,7.454673528671265
081004,COLCHA,PARURO,CUSCO,6.773986180623373,4.964813232421875,7.872083473205566,1.2890277059145212,7.485062122344971,5.468863010406493,7.794679203033448,2.9072702407836912
081005,HUANOQUITE,PARURO,CUSCO,5.044376784104567,0.8583562970161438,11.473801231384277,3.275166983083525,3.809013557434082,1.9964311552047729,9.812161102294926,10.615444934368133
081006,OMACHA,PARURO,CUSCO,2.0155658213297523,0.09861017651855945,5.023176860809326,1.5200745918655696,1.8160673379898071,0.18181722536683087,4.317732162475585,4.924566684290767
081007,PACCARITAMBO,PARURO,CUSCO,6.512160644531249,3.5388234138488768,8.567427825927734,1.6661742709890262,6.689602661132812,4.674657077789307,8.095073280334471,5.028604412078858
081008,PILLPINTO,PARURO,CUSCO,4.208678754170736,1.9851932525634766,5.9953615188598635,1.666134013772791,4.645481586456299,2.517250919342041,5.72538553237915,4.010168266296387
081009,YAURISQUE,PARURO,CUSCO,3.499595546722412,2.198446011543274,5.327275371551513,1.330391835291737,3.2363304138183593,2.2168273758888244,4.992975854873658,3.1288293600082397
081101,PAUCARTAMBO,PAUCARTAMBO,CUSCO,6.2101732042100695,0.1543252982199192,15.312414360046386,3.7788188444359654,5.1599119186401365,2.1241931319236755,12.035303401947022,15.158089061826468
081102,CAICAY,PAUCARTAMBO,CUSCO,5.194249439239502,3.928130292892456,6.571656799316406,1.16126231202086,5.138605403900146,3.999919681549072,6.433094453811646,2.6435265064239504
081103,CHALLABAMBA,PAUCARTAMBO,CUSCO,4.099340947469075,0.35103788524866103,8.84412670135498,2.2085853303211804,3.8013768196105957,1.4438249993324281,6.81994176864624,8.493088816106319
081104,COLQUEPATA,PAUCARTAMBO,CUSCO,3.5357031141008655,1.6746273279190063,5.526213455200195,1.078617046988787,3.6327027320861816,2.2837729978561403,4.539677629470826,3.851586127281189
081105,HUANCARANI,PAUCARTAMBO,CUSCO,3.5846475982666015,2.1990733623504637,4.622904205322266,0.894061937023008,3.3213687896728517,2.6319921588897706,4.573151016235352,2.423830842971802
081106,KOSNIPATA,PAUCARTAMBO,CUSCO,12.741600230823863,-1.113957953453064,19.829302978515624,5.633847855473067,14.355814170837402,4.4136964702606205,18.919797019958494,20.943260931968688
081201,URCOS,QUISPICANCHI,CUSCO,4.344729080200195,2.45870680809021,5.864629650115967,1.367089370025643,4.83262004852295,2.6804313373565676,5.7406461143493654,3.405922842025757
081202,ANDAHUAYLILLAS,QUISPICANCHI,CUSCO,6.207439041137695,4.845401096343994,7.569476795196533,1.3620378494262861,6.207439041137695,5.117808666229247,7.29706922531128,2.724075698852539
081203,CAMANTI,QUISPICANCHI,CUSCO,13.233705832741474,-0.30729695657792033,20.60990753173828,6.226445056985635,15.774935913085937,3.356940407752991,19.030698242187498,20.9172044883162
081204,CCARHUAYO,QUISPICANCHI,CUSCO,0.860742712020874,-1.4954236030578614,4.089377355575562,1.7629812791749884,0.4743455141782761,-1.2623601531982422,2.876447677612304,5.584800958633423
081205,CCATCA,QUISPICANCHI,CUSCO,2.6385029532692648,1.6793304443359376,3.779182720184326,0.6429092403195953,2.4641302585601808,1.968641448020935,3.5002934455871584,2.099852275848389
081206,CUSIPATA,QUISPICANCHI,CUSCO,1.7930740356445312,-0.9488483548164368,4.193342685699463,1.6282172492182627,1.9861416578292848,0.05233972907066362,3.8441844463348387,5.1421910405158995
081207,HUARO,QUISPICANCHI,CUSCO,3.111292505264282,0.18561574816703796,6.755392932891846,2.4511620975406627,2.7520806789398193,0.6604725819826127,5.849481916427613,6.569777184724808
081208,LUCRE,QUISPICANCHI,CUSCO,2.813852882385254,0.6160964906215668,5.271557331085205,1.6775352709139255,2.6838788032531737,1.1105770307779312,4.621107940673829,4.655460840463638
081209,MARCAPATA,QUISPICANCHI,CUSCO,1.2018254779634021,-4.685509395599365,12.512428283691406,4.153349898992054,0.21651950404047965,-2.931768655776977,7.421702947616578,17.19793767929077
081210,OCONGATE,QUISPICANCHI,CUSCO,-0.46074060960249474,-3.9417789459228514,3.246848964691162,1.7480262534328355,-0.4338640868663788,-2.2399869489669797,2.069629950523377,7.188627910614014
081211,OROPESA,QUISPICANCHI,CUSCO,3.6023312886555994,2.038244128227234,4.615540981292725,1.1220817527375284,4.153208589553833,2.461237020492554,4.5230745029449455,2.5772968530654907
081212,QUIQUIJANA,QUISPICANCHI,CUSCO,2.0984705607096354,0.12609913150081412,5.089899921417237,1.530306651406322,2.054772901535034,0.3872404852509499,4.254300398826599,4.963800789916422
081301,URUBAMBA,URUBAMBA,CUSCO,3.5133808135986326,0.4363293141126633,6.073584938049317,2.174571394729337,3.899427652359009,0.9206966572999955,5.848276863098144,5.637255623936653
081302,CHINCHERO,URUBAMBA,CUSCO,4.226761436462402,3.6166123867034914,4.922761631011963,0.4983184638165416,4.183835697174072,3.709794044494629,4.7780692005157475,1.3061492443084717
081303,HUAYLLABAMBA,URUBAMBA,CUSCO,4.5600178400675455,2.230593681335449,6.583330726623535,1.7903017940012973,4.866129302978516,2.7577008056640624,6.239890441894532,4.352737045288086
081304,MACHUPICCHU,URUBAMBA,CUSCO,6.127320744441105,0.10380293428897858,12.3260986328125,3.792648044062666,6.429531288146973,1.6247132062911986,11.719173583984375,12.22229569852352
081305,MARAS,URUBAMBA,CUSCO,5.559547958374024,3.9330170154571533,7.286998176574707,1.2298615503184127,5.105337619781494,4.289603986740113,7.031360054016114,3.3539811611175536
081306,OLLANTAYTAMBO,URUBAMBA,CUSCO,2.7309685958059204,-0.3720268040895462,7.225999736785889,2.245026130176961,2.0850788354873657,0.6521361374855041,6.439916954040527,7.598026540875435
090101,HUANCAVELICA,HUANCAVELICA,HUANCAVELICA,1.0399711508499947,-1.2977861881256103,3.1010844707489014,1.4106695772832936,0.8370174527168274,-0.8246354389190674,2.942841987609863,4.398870658874512
090102,ACOBAMBILLA,HUANCAVELICA,HUANCAVELICA,-0.4708153088887532,-1.3768500089645386,1.3804463148117065,0.7894682661146518,-0.7088690757751465,-1.1529486167430876,0.9261468736641103,2.757296323776245
090103,ACORIA,HUANCAVELICA,HUANCAVELICA,4.376878116005345,1.2941299676895142,7.621773338317871,1.8044433259952697,4.50443115234375,1.9734165906906127,6.497326221466065,6.327643370628357
090104,CONAYCA,HUANCAVELICA,HUANCAVELICA,2.26241250038147,1.006995475292206,3.5178295135498048,1.2554170191288012,2.26241250038147,1.2580788791179658,3.266746109724045,2.510834038257599
090105,CUENCA,HUANCAVELICA,HUANCAVELICA,3.0340028762817384,1.7295172691345215,4.338488483428955,1.304485607147218,3.0340028762817384,1.9904143905639646,4.077591361999511,2.6089712142944337
090106,HUACHOCOLPA,HUANCAVELICA,HUANCAVELICA,-0.0470072789625688,-1.3785942554473878,2.397163438796997,1.1504591230831687,-0.19478425979614258,-1.20820654630661,1.2704588770866394,3.7757576942443847
090109,LARIA,HUANCAVELICA,HUANCAVELICA,1.1446881771087647,0.8593536496162415,1.4300227403640746,0.2853345453739201,1.1446881771087647,0.9164205586910249,1.3729558312892913,0.5706690907478332
090110,MANTA,HUANCAVELICA,HUANCAVELICA,1.8444424057006834,0.4439935564994812,2.8809021949768066,1.0203334915648563,2.320276165008545,0.5881910061836242,2.8375624656677245,2.4369086384773255
090112,MOYA,HUANCAVELICA,HUANCAVELICA,3.7110027949015296,2.998852014541626,4.331679058074951,0.5480521311792401,3.802477264404297,3.1595770645141608,4.22583869934082,1.3328270435333252
090113,NUEVO OCCORO,HUANCAVELICA,HUANCAVELICA,0.16284906715154648,-0.6936111629009247,0.9845005154609681,0.5137723607434416,0.14203021824359893,-0.4088699939101934,0.7985356825590133,1.6781116783618928
090114,PALCA,HUANCAVELICA,HUANCAVELICA,2.173145643870036,1.2556237816810607,2.986700248718262,0.7106743084525,2.277112865447998,1.4599215984344482,2.8447827720642094,1.731076467037201
090115,PILCHACA,HUANCAVELICA,HUANCAVELICA,5.094178962707519,5.094178962707519,5.094178962707519,0.0,5.094178962707519,5.094178962707519,5.094178962707519,0.0
090116,VILCA,HUANCAVELICA,HUANCAVELICA,0.8030078967412313,-1.636428999900818,3.7687834739685058,1.5922103225030197,0.6157854855060577,-1.1311571753025054,2.4959536790847783,5.405212473869324
090117,YAULI,HUANCAVELICA,HUANCAVELICA,2.619847564697266,0.6895260572433471,3.759117031097412,1.030161547131277,2.8864139556884765,1.3498887705802916,3.7084348678588865,3.0695909738540648
090118,ASCENSION,HUANCAVELICA,HUANCAVELICA,-0.7085527351924352,-1.594144082069397,1.4734930753707887,0.8827212093271124,-0.987181282043457,-1.554725546836853,0.5555664014443769,3.0676371574401857
090119,HUANDO,HUANCAVELICA,HUANCAVELICA,2.769049072265625,0.5103718310594558,6.192667770385742,1.986991940843668,2.674015998840332,0.5337465777993202,5.099384880065918,5.682295939326286
090201,ACOBAMBA,ACOBAMBA,HUANCAVELICA,6.319353008270264,4.6624757766723635,9.644522285461425,1.9805720611145936,5.485206985473633,4.7597965908050535,8.546226272583008,4.982046508789063
090202,ANDABAMBA,ACOBAMBA,HUANCAVELICA,6.246354389190674,4.101782941818238,8.390925979614257,2.1445715188980166,6.246354389190674,4.53069724559784,7.962011675834657,4.289143037796021
090203,ANTA,ACOBAMBA,HUANCAVELICA,4.1975404103597,3.8491985321044924,4.384640884399414,0.24659701510548965,4.358782196044922,3.9511152648925787,4.379469146728516,0.5354423522949219
090204,CAJA,ACOBAMBA,HUANCAVELICA,6.664280796051026,5.815932750701904,7.512628746032715,0.8483479976654256,6.664280796051026,5.985602350234986,7.342959146499633,1.6966959953308105
090205,MARCAS,ACOBAMBA,HUANCAVELICA,8.937637329101562,6.493260383605957,11.143174362182616,1.9997029866332727,9.703158760070801,6.544507179260253,10.976791076660156,4.64991397857666
090206,PAUCARA,ACOBAMBA,HUANCAVELICA,2.063150978088379,0.5781061291694641,3.600149631500244,1.0028077090142027,1.9030783891677856,0.820797278881073,3.3027300167083746,3.02204350233078
090207,POMACOCHA,ACOBAMBA,HUANCAVELICA,6.5331957817077635,6.311351680755616,6.755040073394776,0.2218441963196307,6.5331957817077635,6.35572052001953,6.710671234130859,0.44368839263916016
090208,ROSARIO,ACOBAMBA,HUANCAVELICA,5.232287521362305,3.9447113990783693,8.895180892944335,1.8821644390671426,4.1898280620574955,3.9634258651733405,7.393196411132813,4.950469493865967
090301,LIRCAY,ANGARAES,HUANCAVELICA,1.5491617475237167,-0.4936937838792801,4.948575592041015,1.4344260365988712,1.068662428855896,-0.04982708391733465,3.391221837997437,5.442269375920295
090302,ANCHONGA,ANGARAES,HUANCAVELICA,3.075780359903971,2.592578125,3.586988401412964,0.4065436035709554,3.0477744579315185,2.6836173915863037,3.4791456127166747,0.9944102764129639
090303,CALLANMARCA,ANGARAES,HUANCAVELICA,6.413673400878906,6.413673400878906,6.413673400878906,0.0,6.413673400878906,6.413673400878906,6.413673400878906,0.0
090304,CCOCHACCASA,ANGARAES,HUANCAVELICA,1.3385889212290447,0.642050313949585,2.0417081356048583,0.5714325775426896,1.3320082664489745,0.780041904449463,1.8997681617736817,1.3996578216552735
090305,CHINCHO,ANGARAES,HUANCAVELICA,10.73033447265625,9.71236972808838,11.881795501708984,0.7234643650343945,10.538286781311035,9.999989204406738,11.564198455810546,2.1694257736206053
090306,CONGALLA,ANGARAES,HUANCAVELICA,5.183929770333426,2.0266569375991823,7.744004821777343,2.1791744188323436,4.762025356292725,2.5281342220306398,7.737422695159911,5.717347884178162
090307,HUANCA-HUANCA,ANGARAES,HUANCAVELICA,3.387708377838135,2.55114688873291,4.271027088165283,0.6379821883614277,3.364329624176025,2.713844780921936,4.080274777412415,1.7198801994323731
090308,HUAYLLAY GRANDE,ANGARAES,HUANCAVELICA,5.016105270385742,5.016105270385742,5.016105270385742,0.0,5.016105270385742,5.016105270385742,5.016105270385742,0.0
090309,JULCAMARCA,ANGARAES,HUANCAVELICA,7.148902702331543,6.834477138519287,7.463328456878662,0.3144256591797224,7.148902702331543,6.897362270355224,7.400443325042725,0.628851318359375
090310,SAN ANTONIO DE ANTAPARCO,ANGARAES,HUANCAVELICA,5.7167645454406735,5.7167645454406735,5.7167645454406735,0.0,5.7167645454406735,5.7167645454406735,5.7167645454406735,0.0
090311,SANTO TOMAS DE PATA,ANGARAES,HUANCAVELICA,3.556529331207275,1.5880132913589478,6.7676841735839846,1.9784246894570114,2.935209941864014,1.8149738574028014,5.795140304565431,5.179670882225037
090312,SECCLLA,ANGARAES,HUANCAVELICA,2.527644983927409,1.4778331995010376,3.9988136291503906,0.8786855045057577,2.306681203842163,1.6116835713386535,3.6645700931549072,2.520980429649353
090401,CASTROVIRREYNA,CASTROVIRREYNA,HUANCAVELICA,0.5130130275603264,-1.8202353477478028,5.612715530395508,1.7465449364829346,0.04710033126175404,-1.3917425155639649,2.6972920894622803,7.432950878143311
090402,ARMA,CASTROVIRREYNA,HUANCAVELICA,3.7171598954634235,-0.04368746429681778,9.545578002929688,2.7138557551854356,2.8501871109008787,1.2826250553131104,7.301501655578614,9.589265467226506
090403,AURAHUA,CASTROVIRREYNA,HUANCAVELICA,0.11391536455888014,-1.122408103942871,2.371390533447266,0.9782895428829933,-0.16313815414905547,-0.9453319764137269,1.3177685880661012,3.4937986373901366
090404,CAPILLAS,CASTROVIRREYNA,HUANCAVELICA,9.085254342215402,2.05156466960907,14.415208625793458,3.495201031559829,9.1297176361084,4.758398656845093,13.572028770446781,12.363643956184386
090405,CHUPAMARCA,CASTROVIRREYNA,HUANCAVELICA,-0.19592446413907139,-1.258431088924408,1.0852611184120178,0.7424593430780302,-0.5477410584688187,-1.002034318447113,0.8196189880371094,2.3436922073364257
090406,COCAS,CASTROVIRREYNA,HUANCAVELICA,3.4934794425964357,2.5538377285003664,4.433121204376221,0.9396417379379347,3.4934794425964357,2.741766076087951,4.245192856788635,1.8792834758758545
090407,HUACHOS,CASTROVIRREYNA,HUANCAVELICA,4.657079887390137,1.0418570280075072,9.386001205444336,3.264317472700769,4.100230979919433,1.415623061656952,8.344016304016113,8.344144177436828
090408,HUAMATAMBO,CASTROVIRREYNA,HUANCAVELICA,3.5463086128234864,3.5463086128234864,3.5463086128234864,0.0,3.5463086128234864,3.5463086128234864,3.5463086128234864,0.0
090409,MOLLEPAMPA,CASTROVIRREYNA,HUANCAVELICA,2.3857633209228517,0.15502393804490566,7.209840869903564,2.62558950582509,1.0984686732292175,0.24129842139780525,5.563813705444336,7.054816931858658
090410,SAN JUAN,CASTROVIRREYNA,HUANCAVELICA,7.53655776977539,4.507160377502442,10.830742835998535,2.510001239556371,6.326313495635986,5.033513984680176,10.576657066345215,6.323582458496094
090411,SANTA ANA,CASTROVIRREYNA,HUANCAVELICA,-0.968606168573553,-1.4722920179367065,-0.021681878343224527,0.4114698133383176,-1.052844476699829,-1.4307397508621216,-0.3207608685176819,1.450610139593482
090412,TANTARA,CASTROVIRREYNA,HUANCAVELICA,4.470142936706543,2.6647645473480224,5.972911548614502,1.1806718883416345,4.6214478492736815,3.229032616615295,5.590209331512451,3.3081470012664793
090413,TICRAPO,CASTROVIRREYNA,HUANCAVELICA,8.32470308939616,5.796504116058349,10.590693473815918,1.684018042483205,8.431343269348144,6.292664432525635,10.25010175704956,4.794189357757569
090501,CHURCAMPA,CHURCAMPA,HUANCAVELICA,5.106909942626953,2.8661109447479247,7.427691650390625,1.6250672335370353,5.066918754577637,3.443444275856018,6.8023687362670895,4.5615807056427
090502,ANCO,CHURCAMPA,HUANCAVELICA,6.710015392303466,3.389614200592041,8.84711856842041,2.110542810614339,7.301664161682129,4.301283740997315,8.645427665710448,5.457504367828369
090503,CHINCHIHUASI,CHURCAMPA,HUANCAVELICA,7.954257965087891,3.468202304840088,13.903145027160644,3.671387045966525,7.108392143249512,4.119574356079101,12.634807682037353,10.434942722320557
090504,EL CARMEN,CHURCAMPA,HUANCAVELICA,6.543931007385254,5.043964195251465,8.043897533416748,1.499966669082653,6.543931007385254,5.3439575290679935,7.7439041996002205,2.9999333381652833
090505,LA MERCED,CHURCAMPA,HUANCAVELICA,10.51087532043457,9.168109893798828,12.369470977783203,1.2359187051132234,10.252960205078125,9.313800964355469,11.914281711578369,3.201361083984375
090506,LOCROJA,CHURCAMPA,HUANCAVELICA,4.806358432769775,2.4149357318878173,8.390763854980468,2.2643232387470213,4.209867095947265,2.7181559419631958,7.371754026412965,5.9758281230926515
090507,PAUCARBAMBA,CHURCAMPA,HUANCAVELICA,4.087809801101685,2.7853825092315674,5.459669017791748,1.0564858737387026,4.053094148635864,2.9663033866882325,5.237089128494263,2.6742865085601806
090508,SAN MIGUEL DE MAYOCC,CHURCAMPA,HUANCAVELICA,7.993187713623047,7.993187713623047,7.993187713623047,0.0,7.993187713623047,7.993187713623047,7.993187713623047,0.0
090509,SAN PEDRO DE CORIS,CHURCAMPA,HUANCAVELICA,6.700249989827474,3.7295692920684815,8.929772186279298,2.186714578585757,7.441408443450928,4.47193712234497,8.632099437713624,5.200202894210816
090510,PACHAMARCA,CHURCAMPA,HUANCAVELICA,7.767612893240792,3.579630994796753,11.077824592590332,2.53052801269054,8.059520435333251,4.22808931350708,10.37337574005127,7.498193597793579
090511,COSME,CHURCAMPA,HUANCAVELICA,6.307807922363282,3.780546236038208,7.601015663146972,1.7872670806377655,7.541861820220947,4.5328093528747555,7.589184894561766,3.8204694271087645
090601,HUAYTARA,HUAYTARA,HUANCAVELICA,7.1906492966872,2.10762619972229,11.148838424682618,2.8101244562678644,6.809513854980469,3.1147794342041015,10.187288703918458,9.041212224960328
090602,AYAVI,HUAYTARA,HUANCAVELICA,7.784176635742187,3.410803747177124,12.20301342010498,2.9184494259553877,7.047306728363037,4.42236026763916,11.46440670013428,8.792209672927857
090603,CORDOVA,HUAYTARA,HUANCAVELICA,5.2440537770589195,4.017510795593262,6.251520252227783,0.9250991351922911,5.463130092620849,4.3066346549987795,6.093842220306397,2.2340094566345217
090604,HUAYACUNDO ARMA,HUAYTARA,HUANCAVELICA,4.5033345222473145,4.5033345222473145,4.5033345222473145,0.0,4.5033345222473145,4.5033345222473145,4.5033345222473145,0.0
090605,LARAMARCA,HUAYTARA,HUANCAVELICA,3.971065584818523,2.562828254699707,4.874611568450928,0.8685152671035619,4.404259967803955,2.7788622617721557,4.730074644088745,2.3117833137512207
090606,OCOYO,HUAYTARA,HUANCAVELICA,7.668362935384115,5.08627986907959,12.144730377197266,2.3373783546324964,7.277244663238525,5.365949583053589,10.361894702911377,7.058450508117676
090607,PILPICHACA,HUAYTARA,HUANCAVELICA,0.5062351331318895,-1.0751920700073243,3.802939510345459,1.1346515614333061,0.1831551320850849,-0.6832959246635437,2.0056983137130735,4.878131580352783
090608,QUERCO,HUAYTARA,HUANCAVELICA,3.4009074998938518,1.439556646347046,6.756123447418213,1.4684042441872012,3.040070581436157,1.7583003091812135,5.628446464538575,5.316566801071167
090609,QUITO-ARMA,HUAYTARA,HUANCAVELICA,7.699930148654514,3.3723888874053953,13.108758354187012,3.271956370313297,6.939892196655274,3.687488832473755,12.267879142761231,9.736369466781616
090610,SAN ANTONIO DE CUSICANCHA,HUAYTARA,HUANCAVELICA,2.5089102063860214,1.1723813891410828,4.283580589294433,1.0129819689610706,2.483163070678711,1.4647162294387817,3.6940433216094974,3.111199200153351
090611,SAN FRANCISCO DE SANGAYAICO,HUAYTARA,HUANCAVELICA,4.141943250383649,1.6923677682876588,9.573830223083496,2.8147935157605266,2.6588115215301515,1.7078402519226075,7.957103862762452,7.881462454795837
090612,SAN ISIDRO,HUAYTARA,HUANCAVELICA,6.310102589925131,4.051258754730225,10.171981620788575,2.364756704090863,5.353401565551758,4.055379486083984,9.52152614593506,6.120722866058349
090613,SANTIAGO DE CHOCORVOS,HUAYTARA,HUANCAVELICA,7.254166816262639,1.1039138555526733,13.271638107299804,3.7735731580520877,7.024789619445801,2.073551297187805,12.337499504089354,12.167724251747131
090614,SANTIAGO DE QUIRAHUARA,HUAYTARA,HUANCAVELICA,5.99797960917155,3.2785462379455566,10.060998153686523,2.5428172687193418,5.181640625,3.426373100280762,9.385925006866454,6.782451915740967
090615,SANTO DOMINGO DE CAPILLAS,HUAYTARA,HUANCAVELICA,3.797715997695923,0.09556579189375043,10.61958293914795,3.1926073828635837,2.7954215526580812,1.0452465093042702,7.971387147903441,10.524017147254199
090616,TAMBO,HUAYTARA,HUANCAVELICA,1.4868111848831176,-0.2444581776857376,2.94691801071167,1.0003704059373983,1.6662570238113403,0.3109536853432656,2.4994825696945187,3.1913761883974074
090701,PAMPAS,TAYACAJA,HUANCAVELICA,3.135152578353882,2.4832275390625,3.7870776653289795,0.6519250631332463,3.135152578353882,2.6136125516891484,3.6566926527023313,1.3038501262664794
090702,ACOSTAMBO,TAYACAJA,HUANCAVELICA,2.921397132873535,0.892904669046402,4.781182479858399,1.4985798342002312,2.7022175788879395,1.2517180764675142,4.645006599426269,3.8882778108119966
090703,ACRAQUIA,TAYACAJA,HUANCAVELICA,1.5633903741836548,0.15530992299318314,2.7713220596313475,0.9375757697304449,1.6634647369384765,0.5587708120048046,2.4879504108428954,2.6160121366381643
090704,AHUAYCHA,TAYACAJA,HUANCAVELICA,1.573809313774109,1.573809313774109,1.573809313774109,0.0,1.573809313774109,1.573809313774109,1.573809313774109,0.0
090705,COLCABAMBA,TAYACAJA,HUANCAVELICA,9.126211208767362,4.221135997772217,15.192248725891114,3.1675036767433657,9.323651313781738,5.343104152679443,12.867587928771973,10.971112728118896
090706,DANIEL HERNANDEZ,TAYACAJA,HUANCAVELICA,5.852496910095215,2.7220255851745607,9.253622817993165,2.3677099350288158,5.717169857025146,3.4064605236053467,8.40679518699646,6.531597232818603
090707,HUACHOCOLPA,TAYACAJA,HUANCAVELICA,12.244877624511718,8.223261260986328,15.054081535339355,2.438599433960689,12.36900291442871,9.337965354919433,14.899626464843752,6.8308202743530275
090709,HUARIBAMBA,TAYACAJA,HUANCAVELICA,4.820781108311245,1.3657453417778016,9.091177558898925,2.5597885475919258,4.7778698921203615,1.8906119537353518,8.089769229888915,7.725432217121124
090710,NAHUIMPUQUIO,TAYACAJA,HUANCAVELICA,3.0192150115966796,1.3741146445274353,4.562715816497803,1.3037947001129324,3.120814657211304,1.7234546470642091,4.274335584640503,3.1886011719703675
090711,PAZOS,TAYACAJA,HUANCAVELICA,1.462882968357631,0.6340009689331054,2.0557607412338257,0.5305447336487823,1.6873045444488526,0.8084058058261873,2.033584280014038,1.4217597723007203
090713,QUISHUAR,TAYACAJA,HUANCAVELICA,10.778687858581543,8.71055202484131,12.846823692321777,2.0681358337402784,10.778687858581543,9.124179191589356,12.433196525573731,4.136271667480469
090714,SALCABAMBA,TAYACAJA,HUANCAVELICA,8.55557772318522,4.849965381622314,11.888618469238281,2.767826831818796,8.888250541687011,5.02091794013977,11.75756483078003,7.038653087615967
090715,SALCAHUASI,TAYACAJA,HUANCAVELICA,10.124142761230468,6.266720581054687,13.216060638427734,2.576107737149392,11.044035720825196,6.984757270812987,12.742470092773436,6.949340057373047
090716,SAN MARCOS DE ROCCHAC,TAYACAJA,HUANCAVELICA,2.8174435806274416,0.460935240983963,7.612451839447021,2.270053319687441,2.3780725955963136,0.5079459804296493,5.930994148254394,7.151516598463059
090717,SURCUBAMBA,TAYACAJA,HUANCAVELICA,10.683961334228517,8.332898902893067,13.478386878967285,1.925690162604808,11.414409637451172,8.47422679901123,12.69018856048584,5.145487976074219
090718,TINTAY PUNCU,TAYACAJA,HUANCAVELICA,9.388479105631511,3.9536162853240966,15.633149528503418,4.127074549700986,9.33068790435791,4.590158724784851,14.244590473175048,11.679533243179321
090719,QUICHUAS,TAYACAJA,HUANCAVELICA,4.9408611297607425,2.839124155044556,7.417954826354981,1.916796342955698,4.753182888031006,2.985295534133911,7.046569499969482,4.578830671310425
090720,ANDAYMARCA,TAYACAJA,HUANCAVELICA,9.984130986531575,3.190656614303589,15.160060691833497,4.479003890577134,10.969354820251464,4.142611384391785,14.840426635742187,11.969404077529907
090721,ROBLE,TAYACAJA,HUANCAVELICA,8.230837631225585,3.771623659133911,12.090387535095214,2.626599902842935,8.318313026428223,5.205505442619324,11.168694972991943,8.318763875961304
090722,PICHOS,TAYACAJA,HUANCAVELICA,3.4893426513671875,1.2723893165588378,5.555030059814453,1.5854368968624069,2.996565055847168,1.803572235107422,5.34197093963623,4.282640743255615
090723,SANTIAGO DE TUCUMA,TAYACAJA,HUANCAVELICA,3.906190776824951,3.906190776824951,3.906190776824951,0.0,3.906190776824951,3.906190776824951,3.906190776824951,0.0
090724,LAMBRAS,TAYACAJA,HUANCAVELICA,13.06770076751709,9.795203971862794,15.109123039245606,2.0629018745521632,13.683237648010254,10.711805973052979,14.931165466308594,5.3139190673828125
090725,COCHABAMBA,TAYACAJA,HUANCAVELICA,7.76685733795166,4.875751495361328,10.657962989807128,2.891105747222908,7.76685733795166,5.4539726448059085,10.079741840362548,5.782211494445801
100101,HUANUCO,HUANUCO,HUANUCO,12.950104522705079,12.355274772644043,13.663230705261231,0.5406640246672796,12.831807899475098,12.450581398010254,13.496946144104005,1.3079559326171875
100102,AMARILIS,HUANUCO,HUANUCO,13.443405914306641,10.567869758605957,15.320129776000977,1.823813017019626,13.942812156677245,11.367207927703856,15.120079040527344,4.752260017395019
100103,CHINCHAO,HUANUCO,HUANUCO,11.563202148437501,7.04599962234497,16.8228271484375,2.8486163140859793,11.42568473815918,7.680043010711669,15.64212474822998,9.776827526092529
100104,CHURUBAMBA,HUANUCO,HUANUCO,8.118192036946615,5.4135009765625,12.89316635131836,2.1101150787128664,7.773183727264405,5.876022214889526,11.112315940856934,7.479665374755859
100105,MARGOS,HUANUCO,HUANUCO,5.130033220563616,4.656164455413818,5.9364677429199215,0.4918365972752311,4.8049639701843265,4.679088287353515,5.822149333953857,1.2803032875061036
100106,QUISQUI (KICHKI),HUANUCO,HUANUCO,6.35942873273577,4.692994880676269,7.9553628921508786,1.1107105605438146,6.147323322296143,5.113004665374756,7.890665321350099,3.262368011474609
100107,SAN FRANCISCO DE CAYRAN,HUANUCO,HUANUCO,9.141449584960936,6.392529773712158,10.48710765838623,1.570337152314504,10.01798610687256,7.192337932586669,10.459294471740723,4.094577884674072
100108,SAN PEDRO DE CHAULAN,HUANUCO,HUANUCO,6.022492122650147,4.18045072555542,8.203961181640626,1.2584176387372676,5.919536781311035,4.707046222686768,7.601894063949585,4.023510456085205
100109,SANTA MARIA DEL VALLE,HUANUCO,HUANUCO,7.548473930358886,4.222680139541626,14.878157234191894,3.0712215138168557,6.349912929534912,4.490943646430969,11.193339538574218,10.65547709465027
100110,YARUMAYO,HUANUCO,HUANUCO,5.9060369491577145,5.9060369491577145,5.9060369491577145,0.0,5.9060369491577145,5.9060369491577145,5.9060369491577145,0.0
100111,PILLCO MARCA,HUANUCO,HUANUCO,11.315824127197263,7.8141735076904295,14.091322326660157,2.6136841087240255,12.04197654724121,8.659734115600585,13.681453170776368,6.277148818969726
100112,YACUS,HUANUCO,HUANUCO,5.209073448181153,5.028543186187744,5.389603519439698,0.18053016662609983,5.209073448181153,5.06464921951294,5.3534974861145015,0.36106033325195314
100113,SAN PABLO DE PILLAO,HUANUCO,HUANUCO,12.268482123480904,9.58648910522461,15.149703025817871,1.9017463916506738,11.882606887817383,10.055873222351076,15.044472389221193,5.563213920593261
100201,AMBO,AMBO,HUANUCO,9.545411851671009,5.908521461486816,11.875932884216308,2.1888196595958087,10.584268188476562,6.321129035949707,11.498052787780761,5.9674114227294925
100202,CAYNA,AMBO,HUANUCO,5.553336770193917,3.949775743484497,7.8681634902954105,1.4008328746081107,4.916415405273438,4.148245849609375,7.5130130958557135,3.918387746810913
100203,COLPAS,AMBO,HUANUCO,4.410274887084961,3.8298298835754396,5.129092216491699,0.5305762453348178,4.253429222106933,3.858076977729797,5.119318437576294,1.2992623329162598
100204,CONCHAMARCA,AMBO,HUANUCO,11.85119120279948,10.198414611816407,14.32184658050537,1.7800874734000587,11.033311462402343,10.365393981933593,13.664139556884766,4.123431968688965
100205,HUACAR,AMBO,HUANUCO,8.077164786202568,6.236920642852783,9.822822761535644,1.5489949589897056,7.977286052703858,6.35371223449707,9.809045219421387,3.5859021186828612
100206,SAN FRANCISCO,AMBO,HUANUCO,8.022095794677735,5.825199317932129,9.81413402557373,1.507316499255338,8.317600631713868,6.217677268981933,9.627340812683105,3.9889347076416017
100207,SAN RAFAEL,AMBO,HUANUCO,6.908197733561197,3.8579766750335693,9.335959434509277,1.7686717376070806,6.9721756935119625,4.608645858764648,8.96480381011963,5.477982759475708
100208,TOMAY KICHWA,AMBO,HUANUCO,11.739545249938965,10.262204360961913,13.216886520385742,1.4773410797119446,11.739545249938965,10.557672576904295,12.92141830444336,2.954682159423828
100301,LA UNION,DOS DE MAYO,HUANUCO,5.198206265767416,3.8719322681427,5.972328567504883,0.7368863561229662,5.503296375274658,4.2400226354598995,5.851300048828125,2.1003962993621825
100307,CHUQUIS,DOS DE MAYO,HUANUCO,5.556006526947021,3.8826245784759523,7.33423957824707,1.1970833645312955,5.546143817901611,4.071381034851074,7.22108772277832,3.451614999771118
100311,MARIAS,DOS DE MAYO,HUANUCO,6.23177490234375,4.0765012264251705,10.292536544799805,1.6657997530185278,5.683103847503662,4.400341682434082,8.039339742660522,6.216035318374634
100313,PACHAS,DOS DE MAYO,HUANUCO,4.613819217681884,3.754417657852173,5.90372486114502,0.78228102654193,4.307415103912353,3.8462884521484377,5.677943725585938,2.149307203292847
100316,QUIVILLA,DOS DE MAYO,HUANUCO,7.264937877655029,7.264937877655029,7.264937877655029,0.0,7.264937877655029,7.264937877655029,7.264937877655029,0.0
100317,RIPAN,DOS DE MAYO,HUANUCO,4.899155616760254,4.252394294738769,5.611469745635986,0.5568044678311035,4.833603096008301,4.368636054992676,5.45589641571045,1.3590754508972167
100321,SHUNQUI,DOS DE MAYO,HUANUCO,5.236334991455078,4.808445262908935,5.664224529266358,0.42788963317873774,5.236334991455078,4.8940231895446775,5.578646602630615,0.8557792663574219
100322,SILLAPATA,DOS DE MAYO,HUANUCO,5.944148445129395,5.451223945617675,6.437072849273681,0.49292445182801325,5.944148445129395,5.549808835983276,6.338487958908081,0.9858489036560059
100323,YANAS,DOS DE MAYO,HUANUCO,5.778855895996093,5.778855895996093,5.778855895996093,0.0,5.778855895996093,5.778855895996093,5.778855895996093,0.0
100401,HUACAYBAMBA,HUACAYBAMBA,HUANUCO,7.39890271355124,5.4578173637390135,12.289810180664062,1.7196624023074425,6.6108416557312015,5.806704692840577,9.345300102233887,6.831992816925049
100402,CANCHABAMBA,HUACAYBAMBA,HUANUCO,8.315601784842354,5.332526779174804,12.740476417541505,2.8420945306705354,7.019238567352295,5.572134990692139,11.907570724487304,7.407949638366699
100403,COCHABAMBA,HUACAYBAMBA,HUANUCO,10.294041997736151,5.361713790893555,14.03377742767334,2.770225525520325,11.118204879760743,6.254954738616943,13.787369136810304,8.672063636779786
100404,PINRA,HUACAYBAMBA,HUANUCO,7.922754923502604,4.821298885345459,12.428035926818847,2.603455991535939,7.162999439239502,5.4174342918396,12.145010414123533,7.606737041473389
100501,LLATA,HUAMALIES,HUANUCO,4.788482411702474,3.1593852043151855,7.336978912353516,1.4794719245266958,4.025555229187011,3.395857758522034,6.922671003341675,4.17759370803833
100502,ARANCAY,HUAMALIES,HUANUCO,8.801035054524739,7.341688537597657,10.083241844177246,1.026662040518182,8.892077255249024,7.551972675323486,9.959055137634277,2.74155330657959
100503,CHAVIN DE PARIARCA,HUAMALIES,HUANUCO,8.078423945109048,7.515236473083496,8.378221702575683,0.398554092812985,8.341814613342285,7.6805521011352536,8.370940284729004,0.8629852294921875
100504,JACAS GRANDE,HUAMALIES,HUANUCO,5.082297229766846,4.3167619705200195,7.753864192962647,1.0460973269986142,4.663637256622314,4.44193886756897,5.955254402160644,3.437102222442627
100505,JIRCAN,HUAMALIES,HUANUCO,9.339234379359652,7.27733964920044,12.672617149353027,1.6521472583326804,8.772206687927246,7.717819652557372,11.15074188232422,5.395277500152588
100506,MIRAFLORES,HUAMALIES,HUANUCO,5.011030578613282,4.022524070739746,6.47200927734375,0.9565395702725009,4.774794864654541,4.108089942932129,6.102960405349732,2.449485206604004
100507,MONZON,HUAMALIES,HUANUCO,12.61026319420856,5.127430629730225,19.012897491455078,3.9050093463346607,13.042574501037597,6.980599689483642,17.815612030029296,13.885466861724854
100508,PUNCHAO,HUAMALIES,HUANUCO,4.415505409240723,4.415505409240723,4.415505409240723,0.0,4.415505409240723,4.415505409240723,4.415505409240723,0.0
100509,PUNOS,HUAMALIES,HUANUCO,4.96400089263916,4.469374370574951,5.746866226196289,0.5599962720608822,4.675762176513672,4.510651931762696,5.532645416259766,1.277491855621338
100510,SINGA,HUAMALIES,HUANUCO,5.01907434463501,4.250292778015137,6.016118431091309,0.7685993193374131,4.9049430847167965,4.262772130966186,5.866681566238403,1.7658256530761718
100511,TANTAMAYO,HUAMALIES,HUANUCO,6.1567737579345705,4.928325843811035,7.627401638031006,0.9111526396279324,6.113980007171631,5.104882555007935,7.277983894348144,2.699075794219971
100601,RUPA-RUPA,LEONCIO PRADO,HUANUCO,18.9002742767334,17.542598724365234,19.390474319458008,0.5580657436166253,19.03534355163574,18.36967185974121,19.348211402893064,1.8478755950927734
100602,DANIEL ALOMIA ROBLES,LEONCIO PRADO,HUANUCO,17.109129028320314,13.282302093505859,19.27032890319824,1.7261323326175972,17.155810546875,14.772880916595458,19.166536178588863,5.988026809692383
100603,HERMILIO VALDIZAN,LEONCIO PRADO,HUANUCO,18.018458339146203,17.275707626342772,18.76302604675293,0.5931264428620578,17.750569152832032,17.41696662902832,18.700697631835936,1.4873184204101562
100604,JOSE CRESPO Y CASTILLO,LEONCIO PRADO,HUANUCO,17.12339266263522,12.350821685791015,19.938054275512695,2.3004103248131664,17.25387306213379,13.886186656951903,19.771045989990235,7.58723258972168
100605,LUYANDO,LEONCIO PRADO,HUANUCO,19.286489868164065,19.113339996337892,19.40214958190918,0.12487476170460976,19.343979263305663,19.159467849731445,19.390515518188472,0.28880958557128905
100606,MARIANO DAMASO BERAUN,LEONCIO PRADO,HUANUCO,16.788468815730166,10.255183601379395,19.14329605102539,1.8127300621895688,17.270953369140624,15.01502285003662,18.4676513671875,8.888112449645996
100607,PUCAYACU,LEONCIO PRADO,HUANUCO,17.54723779296875,14.812159156799316,19.767427444458008,1.6388153093824218,16.87105827331543,15.596192932128906,19.6966104888916,4.955268287658692
100608,CASTILLO GRANDE,LEONCIO PRADO,HUANUCO,19.085426584879556,18.77292594909668,19.41929512023926,0.2643481630609706,19.064059829711915,18.831152725219727,19.34824806213379,0.6463691711425781
100609,PUEBLO NUEVO,LEONCIO PRADO,HUANUCO,18.45411635178786,16.06828727722168,19.57875785827637,1.1899010396238172,19.08813591003418,16.656737747192384,19.51901153564453,3.5104705810546877
100610,SANTO DOMINGO DE ANDA,LEONCIO PRADO,HUANUCO,18.07663345336914,16.359943008422853,19.51481704711914,1.2396680037604066,18.340843200683594,16.39559482574463,19.464507217407224,3.1548740386962892
100701,HUACRACHUCO,MARANON,HUANUCO,8.894996974779211,5.043967247009277,13.08310317993164,2.616370028981813,8.570790672302246,5.909375076293945,12.399278030395509,8.039135932922363
100702,CHOLON,MARANON,HUANUCO,10.977901314400338,4.968572521209717,20.251400756835938,4.447184468712059,9.490025329589844,6.238582963943481,18.783055343627932,15.282828235626221
100703,SAN BUENAVENTURA,MARANON,HUANUCO,11.110547065734863,9.389939880371093,12.83115463256836,1.7206073760986595,11.110547065734863,9.734061355590821,12.48703315734863,3.441214752197266
100704,LA MORADA,MARANON,HUANUCO,16.598267909458706,10.524890518188476,19.879924011230468,2.9133152948845753,17.594951629638672,12.26363140106201,19.736146049499514,9.355033493041992
100705,SANTA ROSA DE ALTO YANAJANCA,MARANON,HUANUCO,12.793814522879465,6.718045330047607,19.927402877807616,4.330841491986824,12.122854042053223,7.597404747009277,19.018235931396482,13.20935754776001
100801,PANAO,PACHITEA,HUANUCO,7.3193367143110795,3.105579710006714,14.67008285522461,2.5656392732222626,6.248749828338623,4.969697380065918,11.485214042663577,11.564503145217895
100802,CHAGLLA,PACHITEA,HUANUCO,12.872235910516034,6.753782558441162,17.50457000732422,2.9568508051483056,13.008454132080079,8.432633142471314,16.35618938446045,10.750787448883056
100803,MOLINO,PACHITEA,HUANUCO,7.526921939849854,5.79103193283081,9.545438766479492,1.1064039705643096,7.258014965057373,6.420901489257813,8.895872097015381,3.7544068336486816
100804,UMARI,PACHITEA,HUANUCO,11.603274281819662,8.807756233215333,12.979919815063477,1.4110247054183502,11.986962890625,9.915486812591553,12.907372951507568,4.172163581848144
100901,PUERTO INCA,PUERTO INCA,HUANUCO,21.585726224459137,15.903338813781739,22.385644149780273,1.2979144221685315,22.096925735473633,20.289176635742187,22.323929138183594,6.482305335998535
100902,CODO DEL POZUZO,PUERTO INCA,HUANUCO,18.761000246422316,8.870022010803222,22.406237411499024,3.3894159074781847,20.535103607177735,13.743140869140626,22.156628112792966,13.5362154006958
100903,HONORIA,PUERTO INCA,HUANUCO,22.060074462890626,21.73012351989746,22.361003494262697,0.1920642561448856,22.073829650878906,21.789436225891116,22.294923171997066,0.6308799743652344
100904,TOURNAVISTA,PUERTO INCA,HUANUCO,22.048223341557016,19.565966415405274,22.562615585327148,0.45205349492052316,22.134642028808592,21.760580444335936,22.392538452148436,2.996649169921875
100905,YUYAPICHIS,PUERTO INCA,HUANUCO,21.817342601102943,19.233968353271486,22.272949600219725,0.47376405142558226,21.904683303833007,21.552404441833495,22.167529640197753,3.038981246948242
101001,JESUS,LAURICOCHA,HUANUCO,2.977172037760417,0.38809214532375336,5.47008056640625,1.6269274807396286,2.9117523670196532,0.8684652328491211,5.165886669158935,5.081988421082497
101002,BANOS,LAURICOCHA,HUANUCO,3.2103553136189773,2.6296189785003663,3.847440719604492,0.41802444302584424,3.1648752212524416,2.7360525131225586,3.7301382303237913,1.2178217411041259
101003,JIVIA,LAURICOCHA,HUANUCO,5.287379169464112,5.208520030975341,5.366238403320312,0.0788591861726845,5.287379169464112,5.224291868209839,5.3504665660858155,0.15771837234497071
101004,QUEROPALCA,LAURICOCHA,HUANUCO,2.473628679911296,1.8444676160812379,3.250370454788208,0.4651354647242488,2.4488648414611816,1.958221471309662,3.0137996673583984,1.4059028387069703
101005,RONDOS,LAURICOCHA,HUANUCO,4.5189970833914614,3.4636291027069093,5.243826484680175,0.7060787976324037,4.992345237731934,3.592260036468506,5.216016139984131,1.7801973819732666
101006,SAN FRANCISCO DE ASIS,LAURICOCHA,HUANUCO,6.184813690185548,6.107115459442139,6.27267894744873,0.06956646298421723,6.17464656829834,6.120621681213379,6.253072471618653,0.1655634880065918
101007,SAN MIGUEL DE CAURI,LAURICOCHA,HUANUCO,3.4902999291053183,1.9792536735534667,5.0660394668579105,0.8170154558810303,3.5058090686798096,2.463795471191406,4.442128896713257,3.0867857933044434
101101,CHAVINILLO,YAROWILCA,HUANUCO,5.436494445800781,4.289964485168457,6.549006843566895,0.847316934643686,5.545217227935791,4.495528984069824,6.5192639350891115,2.2590423583984376
101104,APARICIO POMARES,YAROWILCA,HUANUCO,5.266895294189453,3.935225582122803,7.037943553924561,1.0894723761837468,5.323958969116211,4.008610677719116,6.468116378784179,3.102717971801758
101105,JACAS CHICO,YAROWILCA,HUANUCO,5.355856132507324,5.355856132507324,5.355856132507324,0.0,5.355856132507324,5.355856132507324,5.355856132507324,0.0
101106,OBAS,YAROWILCA,HUANUCO,5.34021224975586,4.70272741317749,6.1798145294189455,0.5843092389218848,5.093308639526367,4.760158367156982,6.059451141357423,1.4770871162414552
101107,PAMPAMARCA,YAROWILCA,HUANUCO,6.086406517028808,5.231069469451905,6.941743659973144,0.8553370952606396,6.086406517028808,5.402136888504028,6.77067624092102,1.7106741905212401
101108,CHORAS,YAROWILCA,HUANUCO,5.978404426574707,5.707431411743164,6.249377632141114,0.27097311019901665,5.978404426574707,5.761626033782958,6.195183010101319,0.5419462203979493
110101,ICA,ICA,ICA,14.073062232232862,13.428407287597656,14.591243171691895,0.29117406011736635,14.127913284301759,13.698208999633788,14.44426612854004,1.1628358840942383
110102,LA TINGUINA,ICA,ICA,14.033988189697265,13.87504596710205,14.196645545959473,0.1326891937364805,14.030273056030273,13.906091384887697,14.163371047973635,0.32159957885742185
110103,LOS AQUIJES,ICA,ICA,14.443150901794434,14.415414810180664,14.470886611938477,0.027735900918017226,14.443150901794434,14.420961990356446,14.465339431762695,0.0554718017578125
110104,OCUCAJE,ICA,ICA,13.792665911735373,12.988119888305665,15.061652946472169,0.49080872077241366,13.67773723602295,13.3143660736084,14.55570816040039,2.073533058166504
110105,PACHACUTEC,ICA,ICA,14.095719528198241,13.96378002166748,14.227658462524413,0.13193922042899903,14.095719528198241,13.990167865753174,14.201270618438722,0.26387844085693357
110106,PARCONA,ICA,ICA,14.784091758728028,14.784091758728028,14.784091758728028,0.0,14.784091758728028,14.784091758728028,14.784091758728028,0.0
110107,PUEBLO NUEVO,ICA,ICA,14.334538841247559,14.309986686706543,14.359091567993165,0.024552440646099356,14.334538841247559,14.314897174835204,14.354181079864503,0.04910488128662109
110108,SALAS,ICA,ICA,14.910959879557293,14.231459999084473,15.782270622253417,0.3651675431403,15.000277328491212,14.467451667785644,15.319825744628906,1.5508106231689454
110109,SAN JOSE DE LOS MOLINOS,ICA,ICA,13.099231719970703,9.395034217834473,14.29309902191162,1.3239010019508777,13.730173492431641,12.267911109924317,14.100204696655272,4.898064804077149
110111,SANTIAGO,ICA,ICA,14.081045664911684,11.545797538757324,15.04757251739502,0.6697758492919548,14.146583557128906,13.427531909942626,14.830245075225829,3.5017749786376955
110112,SUBTANJALLA,ICA,ICA,14.393144226074218,13.90897274017334,14.648274612426757,0.23961774862007656,14.456307220458985,14.119070243835449,14.604055881500244,0.7393018722534179
110114,YAUCA DEL ROSARIO,ICA,ICA,12.255379416725852,7.574143028259277,14.971296119689942,2.0504499813228394,12.64819049835205,9.166842536926271,14.525748920440673,7.397153091430664
110201,CHINCHA ALTA,CHINCHA,ICA,15.671439743041992,14.525429153442383,17.417113494873046,0.7734356977207627,15.613705444335938,14.942090492248534,16.364539070129393,2.891684341430664
110202,ALTO LARAN,CHINCHA,ICA,15.28786849975586,12.407531547546387,16.4028076171875,0.9629188512992336,15.527691650390626,14.768940143585207,15.911129055023192,3.9952760696411134
110203,CHAVIN,CHINCHA,ICA,9.485991014753068,2.0581652879714967,14.738720893859863,3.510324317161845,9.593432235717774,5.372840433120727,13.557614879608156,12.680555605888367
110204,CHINCHA BAJA,CHINCHA,ICA,17.21830622355143,16.899446487426758,17.395764541625976,0.22603938149410602,17.359707641601563,16.99149871826172,17.388553161621093,0.49631805419921876
110205,EL CARMEN,CHINCHA,ICA,14.867582031249999,11.37896957397461,16.968268966674806,1.5609600836634194,15.219468307495116,12.568565483093263,16.594558792114256,5.5892993927001955
110206,GROCIO PRADO,CHINCHA,ICA,15.883299691336495,15.520202255249023,16.345498657226564,0.3210891846457472,15.833646202087403,15.533708000183106,16.274759407043454,0.8252964019775391
110207,PUEBLO NUEVO,CHINCHA,ICA,15.681748199462891,15.150177001953125,16.441651344299316,0.4118000987651455,15.6410551071167,15.25362777709961,16.150561904907228,1.2914743423461914
110208,SAN JUAN DE YANAC,CHINCHA,ICA,8.319203287760418,4.177673101425171,14.084305381774902,3.2828981726848445,7.960241222381592,4.586569557189941,13.06628475189209,9.906632280349731
110209,SAN PEDRO DE HUACARPANA,CHINCHA,ICA,1.7702914237976075,0.09048413038253784,3.040929651260376,0.8954775938291049,1.8955238819122315,0.7731084048748016,2.6422420740127563,2.950445520877838
110210,SUNAMPE,CHINCHA,ICA,17.107424926757812,17.107424926757812,17.107424926757812,0.0,17.107424926757812,17.107424926757812,17.107424926757812,0.0
110301,NASCA,NASCA,ICA,14.812240118729443,12.945075225830077,15.513999366760254,0.5755901450009441,14.949103355407715,13.999845714569094,15.340439853668212,2.568924140930176
110302,CHANGUILLO,NASCA,ICA,14.767546844482421,13.754953384399414,15.663137626647949,0.5258370507599474,14.855095863342285,13.971262435913086,15.446839179992676,1.9081842422485351
110303,EL INGENIO,NASCA,ICA,14.68097405684622,12.062094688415527,15.953844261169433,1.0633826095779546,15.105152893066407,12.963908462524415,15.712910118103029,3.8917495727539064
110304,MARCONA,NASCA,ICA,14.17388916015625,12.182590866088868,15.799049758911133,0.7633810031418833,14.141184043884277,13.256423187255859,15.347485466003416,3.6164588928222656
110305,VISTA ALEGRE,NASCA,ICA,14.020707943564966,12.217988014221191,14.953736877441406,0.755942828503764,14.310390281677247,12.991072425842285,14.800129585266115,2.735748863220215
110401,PALPA,PALPA,ICA,14.96586799621582,14.476483917236328,15.571988487243653,0.4098773284272122,14.907500076293946,14.555989341735842,15.422441444396972,1.0955045700073243
110402,LLIPATA,PALPA,ICA,15.492965698242188,14.698199844360351,15.840086936950684,0.3582092714082629,15.546451377868653,15.119448051452636,15.819810638427736,1.141887092590332
110403,RIO GRANDE,PALPA,ICA,13.740046275745737,12.150522422790527,15.052109527587891,0.9101079084409058,13.904983520507812,12.271656608581543,14.83723030090332,2.9015871047973634
110404,SANTA CRUZ,PALPA,ICA,13.241793145073785,12.433879280090332,14.130838966369629,0.5719304543454239,13.085857772827149,12.51948673248291,14.035838508605957,1.6969596862792968
110405,TIBILLO,PALPA,ICA,9.757359036532316,7.3648172378540036,11.777502059936523,1.5863750777694048,9.666086769104004,7.403141880035401,11.62186393737793,4.41268482208252
110502,HUANCANO,PISCO,ICA,11.023757171630859,5.619494438171387,15.074394989013673,2.6001369639292253,11.4195068359375,7.556263399124146,14.281000785827638,9.454900550842286
110503,HUMAY,PISCO,ICA,14.568235473632814,10.291992950439454,15.91215476989746,1.4363421505198812,15.044366455078125,12.296749382019042,15.622349834442138,5.620161819458008
110504,INDEPENDENCIA,PISCO,ICA,15.650072860717774,15.224855995178222,16.007471656799318,0.2747098073780787,15.679201698303222,15.270885353088378,15.949655113220217,0.7826156616210938
110505,PARACAS,PISCO,ICA,15.365874023437499,13.973697853088378,16.399782562255858,0.6344575720307517,15.539764785766602,14.515891647338867,16.157255058288577,2.4260847091674806
110506,SAN ANDRES,PISCO,ICA,15.774834526909723,15.308466529846191,16.55772819519043,0.34256932258658834,15.675770568847657,15.454986457824706,16.151275863647463,1.2492616653442383
110507,SAN CLEMENTE,PISCO,ICA,16.4971923828125,16.341661643981933,16.64378547668457,0.12541676954611536,16.50568962097168,16.351558685302734,16.634330368041994,0.3021238327026367
110508,TUPAC AMARU INCA,PISCO,ICA,16.16509246826172,16.064718437194824,16.265466499328614,0.10037403106689453,16.16509246826172,16.084793243408203,16.245391693115234,0.20074806213378907
120101,HUANCAYO,HUANCAYO,JUNIN,1.6732350985209148,-0.951851487159729,5.784428119659424,2.173177354389897,0.9832728981971741,-0.2873585507273674,4.323790884017944,6.736279606819153
120104,CARHUACALLANGA,HUANCAYO,JUNIN,3.6500268936157227,3.6500268936157227,3.6500268936157227,0.0,3.6500268936157227,3.6500268936157227,3.6500268936157227,0.0
120105,CHACAPAMPA,HUANCAYO,JUNIN,1.7671992111206056,0.4083673611283302,2.7921425819396974,0.8290000918796856,1.6024105548858643,0.8757232365012169,2.657813034057617,2.383775220811367
120106,CHICCHE,HUANCAYO,JUNIN,-0.06675752997398376,-0.4147328659892082,0.28121780753135683,0.3479753367602825,-0.06675752997398376,-0.3451377986371517,0.21162274017930033,0.695950673520565
120108,CHONGOS ALTO,HUANCAYO,JUNIN,-0.813909796009893,-1.7200739622116088,1.0997877836227417,0.6443804012995358,-0.9593880414962769,-1.4141054010391234,-0.05718316392973055,2.8198617458343507
120111,CHUPURO,HUANCAYO,JUNIN,2.3166933059692383,2.3166933059692383,2.3166933059692383,0.0,2.3166933059692383,2.3166933059692383,2.3166933059692383,0.0
120112,COLCA,HUANCAYO,JUNIN,3.1731894969940186,1.5601442575454711,4.633506870269775,1.1159161211769548,3.2495534896850584,1.9642616105079653,4.3210262870788565,3.073362612724304
120113,CULLHUAS,HUANCAYO,JUNIN,3.297763729095459,2.3426711320877076,3.7991228103637695,0.5688591889965895,3.5246304988861086,2.664625356197358,3.7494086742401125,1.456451678276062
120114,EL TAMBO,HUANCAYO,JUNIN,1.4906909942626954,-0.34978604316711426,4.277836418151855,1.694269696858958,0.7495541214942932,-0.07216588947921991,3.7946847438812257,4.627622461318969
120116,HUACRAPUQUIO,HUANCAYO,JUNIN,5.73481855392456,5.73481855392456,5.73481855392456,0.0,5.73481855392456,5.73481855392456,5.73481855392456,0.0
120117,HUALHUAS,HUANCAYO,JUNIN,4.829756355285644,4.829756355285644,4.829756355285644,0.0,4.829756355285644,4.829756355285644,4.829756355285644,0.0
120120,HUASICANCHA,HUANCAYO,JUNIN,1.4327763319015503,1.4327763319015503,1.4327763319015503,0.0,1.4327763319015503,1.4327763319015503,1.4327763319015503,0.0
120121,HUAYUCACHI,HUANCAYO,JUNIN,5.626319408416748,5.626319408416748,5.626319408416748,0.0,5.626319408416748,5.626319408416748,5.626319408416748,0.0
120122,INGENIO,HUANCAYO,JUNIN,2.0828744173049927,0.6193201541900635,3.5464287281036375,1.4635542869567897,2.0828744173049927,0.912031011581421,3.25371787071228,2.927108573913574
120124,PARIAHUANCA,HUANCAYO,JUNIN,3.723397064208984,-0.437601575255394,8.662985610961915,2.6193934575143376,3.187475872039795,0.8771896725520495,7.43876787185669,9.100587186217307
120125,PILCOMAYO,HUANCAYO,JUNIN,4.465655899047851,4.465655899047851,4.465655899047851,0.0,4.465655899047851,4.465655899047851,4.465655899047851,0.0
120126,PUCARA,HUANCAYO,JUNIN,3.5500068187713625,1.4058214664459228,5.36204080581665,1.5167606354995935,3.716082525253296,1.860354628562927,5.106798448562622,3.9562193393707275
120128,QUILCAS,HUANCAYO,JUNIN,1.5425381024678548,-0.42380783557891843,4.511008358001709,1.6996598501665887,1.1065731048583984,-0.12674297466874124,3.6477842330932617,4.934816193580628
120133,SAPALLANGA,HUANCAYO,JUNIN,3.1326897621154783,0.6848207771778106,5.0217536926269535,1.6310423765046522,3.412092351913452,1.2991383856534957,4.742719168663025,4.336932915449142
120134,SICAYA,HUANCAYO,JUNIN,4.329791402816772,4.329791402816772,4.329791402816772,0.0,4.329791402816772,4.329791402816772,4.329791402816772,0.0
120135,SANTO DOMINGO DE ACOBAMBA,HUANCAYO,JUNIN,7.015135288238525,1.7242303371429444,12.930394172668457,2.9859398128736885,7.060772514343261,2.876054515838623,11.057169933319091,11.206163835525512
120201,CONCEPCION,CONCEPCION,JUNIN,5.092867183685303,5.092867183685303,5.092867183685303,0.0,5.092867183685303,5.092867183685303,5.092867183685303,0.0
120202,ACO,CONCEPCION,JUNIN,3.143438720703125,3.143438720703125,3.143438720703125,0.0,3.143438720703125,3.143438720703125,3.143438720703125,0.0
120203,ANDAMARCA,CONCEPCION,JUNIN,3.0919727325439452,1.2377169609069825,5.1285529136657715,1.2899912769302175,2.6895808219909667,1.4568626523017882,5.037671756744385,3.8908359527587892
120204,CHAMBARA,CONCEPCION,JUNIN,3.0215815544128417,2.1634898662567137,3.8432578086853026,0.5948790253739686,3.0397892951965333,2.415200004577637,3.6133969163894655,1.679767942428589
120205,COCHAS,CONCEPCION,JUNIN,4.299876880645752,2.7797542095184324,6.458897686004638,1.485737716607558,3.980427694320679,2.8672266960144044,5.9880862617492685,3.679143476486206
120206,COMAS,CONCEPCION,JUNIN,2.8922821044921876,-0.7488956093788147,9.11235065460205,2.0500637117012355,2.391192007064819,0.7832637071609498,6.154180278778076,9.861246263980865
120207,HEROINAS TOLEDO,CONCEPCION,JUNIN,1.4801789045333862,1.4801789045333862,1.4801789045333862,0.0,1.4801789045333862,1.4801789045333862,1.4801789045333862,0.0
120208,MANZANARES,CONCEPCION,JUNIN,3.8137691497802733,3.8137691497802733,3.8137691497802733,0.0,3.8137691497802733,3.8137691497802733,3.8137691497802733,0.0
120209,MARISCAL CASTILLA,CONCEPCION,JUNIN,8.033209896087646,8.033209896087646,8.033209896087646,0.0,8.033209896087646,8.033209896087646,8.033209896087646,0.0
120210,MATAHUASI,CONCEPCION,JUNIN,5.1839906692504885,5.1839906692504885,5.1839906692504885,0.0,5.1839906692504885,5.1839906692504885,5.1839906692504885,0.0
120211,MITO,CONCEPCION,JUNIN,4.734911727905273,4.734911727905273,4.734911727905273,0.0,4.734911727905273,4.734911727905273,4.734911727905273,0.0
120213,ORCOTUNA,CONCEPCION,JUNIN,4.292167091369629,3.8017404556274412,4.782594013214111,0.4904267787933751,4.292167091369629,3.8998258113861084,4.684508657455444,0.9808535575866699
120214,SAN JOSE DE QUERO,CONCEPCION,JUNIN,1.489760112762451,-0.03169001936912537,3.4391406059265135,1.2452152465792978,1.2040315628051759,-0.02737791307270527,3.319611802101136,3.470830625295639
120215,SANTA ROSA DE OCOPA,CONCEPCION,JUNIN,4.72629680633545,4.72629680633545,4.72629680633545,0.0,4.72629680633545,4.72629680633545,4.72629680633545,0.0
120301,CHANCHAMAYO,CHANCHAMAYO,JUNIN,12.92090301513672,3.9994752407073975,17.787082290649415,4.011171752335429,13.764463424682617,6.189956016540528,17.29330547332764,13.787607049942016
120302,PERENE,CHANCHAMAYO,JUNIN,16.329515897310696,6.727289009094238,20.409719467163086,3.016957362042757,17.273259735107423,11.77438772201538,18.78074680328369,13.682430458068847
120303,PICHANAQUI,CHANCHAMAYO,JUNIN,17.03701385498047,4.97275743484497,21.324441146850585,3.9316313840311587,18.38698501586914,11.785753593444825,20.32756290435791,16.351683712005617
120304,SAN LUIS DE SHUARO,CHANCHAMAYO,JUNIN,15.630852254231772,13.496506690979004,17.050883483886718,1.392659215252571,16.376395416259765,13.69523229598999,16.82093029022217,3.554376792907715
120305,SAN RAMON,CHANCHAMAYO,JUNIN,12.246445344623769,4.808313274383545,16.55476303100586,3.623191740528192,13.155808258056641,6.81248836517334,16.119419021606443,11.746449756622315
120306,VITOC,CHANCHAMAYO,JUNIN,10.16481252817007,4.2026139259338375,15.40248794555664,3.958776914384542,11.288739013671876,4.8996684265136725,14.824398727416995,11.199874019622802
120402,ACOLLA,JAUJA,JUNIN,3.291786613464356,2.2055198907852174,4.2723229885101315,0.7654005438851856,3.221628952026367,2.4276329183578493,4.16285740852356,2.0668030977249146
120403,APATA,JAUJA,JUNIN,2.5923354557582305,0.5456528723239898,8.222578239440917,2.422334839956142,1.56373929977417,0.5990119022130965,6.529424066543582,7.676925367116928
120405,CANCHAYLLO,JAUJA,JUNIN,0.2560744512826204,-1.8768990993499757,2.6138182163238524,0.9475447081808758,0.09431427121162414,-0.5891620647907257,1.4295609974861148,4.4907173156738285
120406,CURICACA,JAUJA,JUNIN,2.465272458394369,2.0958506584167482,3.048449993133545,0.41733921096780124,2.2515167474746702,2.1269838762283326,2.8890633440017703,0.9525993347167969
120407,EL MANTARO,JAUJA,JUNIN,4.894631290435791,4.894631290435791,4.894631290435791,0.0,4.894631290435791,4.894631290435791,4.894631290435791,0.0
120410,HUERTAS,JAUJA,JUNIN,4.908393096923828,4.908393096923828,4.908393096923828,0.0,4.908393096923828,4.908393096923828,4.908393096923828,0.0
120411,JANJAILLO,JAUJA,JUNIN,2.3319217205047607,2.3319217205047607,2.3319217205047607,0.0,2.3319217205047607,2.3319217205047607,2.3319217205047607,0.0
120413,LEONOR ORDONEZ,JAUJA,JUNIN,3.579465627670288,2.8814964294433594,4.277434873580932,0.6979692220687927,3.579465627670288,3.0210902738571166,4.137841029167175,1.3959384441375733
120414,LLOCLLAPAMPA,JAUJA,JUNIN,2.4509831110636395,1.2494399189949035,3.09341983795166,0.8503370353087034,3.0100897312164308,1.6015698814392088,3.0767538166046142,1.8439799189567565
120415,MARCO,JAUJA,JUNIN,3.982133960723877,3.982133960723877,3.982133960723877,0.0,3.982133960723877,3.982133960723877,3.982133960723877,0.0
120416,MASMA,JAUJA,JUNIN,4.106057167053223,4.106057167053223,4.106057167053223,0.0,4.106057167053223,4.106057167053223,4.106057167053223,0.0
120417,MASMA CHICCHE,JAUJA,JUNIN,2.4029621124267577,2.4029621124267577,2.4029621124267577,0.0,2.4029621124267577,2.4029621124267577,2.4029621124267577,0.0
120418,MOLINOS,JAUJA,JUNIN,3.420811184969815,0.6520301759243011,9.414649772644044,2.4555775474206696,2.821698522567749,0.8625781536102295,6.089343738555908,8.762619596719741
120419,MONOBAMBA,JAUJA,JUNIN,8.369266534620717,2.4410399913787844,13.875596046447754,3.472033726219055,8.44699478149414,3.228037977218628,12.989206314086914,11.43455605506897
120421,MUQUIYAUYO,JAUJA,JUNIN,4.78450231552124,4.78450231552124,4.78450231552124,0.0,4.78450231552124,4.78450231552124,4.78450231552124,0.0
120422,PACA,JAUJA,JUNIN,4.6897584915161135,4.6897584915161135,4.6897584915161135,0.0,4.6897584915161135,4.6897584915161135,4.6897584915161135,0.0
120423,PACCHA,JAUJA,JUNIN,1.5120587825775147,1.1636186718940735,1.8604989290237426,0.34844012856483586,1.5120587825775147,1.2333066976070404,1.7908109033107755,0.6968802571296692
120425,PARCO,JAUJA,JUNIN,3.7720324993133545,3.4195887088775634,4.1244762420654295,0.352443766593945,3.7720324993133545,3.490077462196351,4.053987488746644,0.7048875331878662
120426,POMACANCHA,JAUJA,JUNIN,1.406050067477756,0.953587818145752,2.2909224033355713,0.4098428735808907,1.219483745098114,1.0621976947784424,1.9468600177764892,1.3373345851898193
120427,RICRAN,JAUJA,JUNIN,2.40527475530451,0.9744017124176025,3.554116058349609,0.8066598584184496,2.289601993560791,1.6300370931625365,3.490796518325806,2.5797143459320067
120431,SINCOS,JAUJA,JUNIN,1.6912527720133461,0.1759960226714611,2.8093780517578124,0.8859796475682116,1.8932660579681397,0.6217888262122869,2.5587034106254576,2.633382029086351
120432,TUNAN MARCA,JAUJA,JUNIN,3.1161516666412354,3.1161516666412354,3.1161516666412354,0.0,3.1161516666412354,3.1161516666412354,3.1161516666412354,0.0
120433,YAULI,JAUJA,JUNIN,3.529717191060384,2.4130527496337892,4.6241936683654785,0.9028815853046407,3.55190486907959,2.640823173522949,4.409735908508301,2.2111409187316893
120434,YAUYOS,JAUJA,JUNIN,4.659889984130859,4.659889984130859,4.659889984130859,0.0,4.659889984130859,4.659889984130859,4.659889984130859,0.0
120501,JUNIN,JUNIN,JUNIN,1.2363683146815145,0.0356450192630291,4.269356060028076,1.0361540195982388,0.905308198928833,0.3876328617334366,2.1536999225616453,4.233711040765047
120502,CARHUAMAYO,JUNIN,JUNIN,2.3478835296630858,1.6708343029022217,4.430863285064698,1.059001911294962,1.7436160326004029,1.6837201976776122,3.5349399757385256,2.7600289821624755
120503,ONDORES,JUNIN,JUNIN,1.7799376593695744,1.22436363697052,2.3145373821258546,0.3634334750243636,1.7378289222717285,1.261909737586975,2.177985506057739,1.0901737451553344
120504,ULCUMAYO,JUNIN,JUNIN,6.086723836263021,1.237521243095398,14.936661911010741,3.720407917402585,5.045336818695068,2.3132589435577393,11.957329711914065,13.699140667915344
120601,SATIPO,SATIPO,JUNIN,17.76394465519832,12.548996543884277,19.838298034667968,1.6529541619460086,18.10367202758789,15.825801753997803,19.505269622802736,7.289301490783691
120602,COVIRIALI,SATIPO,JUNIN,18.391158548990884,17.93255043029785,18.73432502746582,0.33737045276785516,18.50660171508789,18.04736068725586,18.688780364990233,0.8017745971679687
120603,LLAYLLA,SATIPO,JUNIN,13.215156971324571,5.146701240539551,18.268142700195312,4.331487358856481,14.14604320526123,7.343175029754638,17.58836097717285,13.121441459655761
120604,MAZAMARI,SATIPO,JUNIN,19.190158155487804,17.023234176635743,21.13457908630371,1.1524036835435272,19.27494125366211,17.76551055908203,20.6397216796875,4.111344909667968
120605,PAMPA HERMOSA,SATIPO,JUNIN,8.60047576904297,2.553392791748047,16.905842971801757,4.495117890742203,8.178343200683594,3.3194886445999146,15.181591148376464,14.352450180053712
120606,PANGOA,SATIPO,JUNIN,15.130198819872358,2.92945818901062,20.759407424926756,4.7360185352007225,16.884688949584962,8.210252285003662,20.104370193481447,17.82994923591614
120607,RIO NEGRO,SATIPO,JUNIN,19.06723704618566,17.747898483276366,19.871607971191406,0.6639952634992123,19.25572967529297,18.034607696533204,19.744698791503904,2.123709487915039
120608,RIO TAMBO,SATIPO,JUNIN,17.587297610960142,5.432968807220459,22.36863479614258,3.6903008084613838,18.750490570068358,11.819388694763182,21.76661949157715,16.935665988922118
120609,VIZCATAN DEL ENE,SATIPO,JUNIN,15.966617376154119,9.773857688903808,19.366673278808594,2.713560099651136,16.540049362182618,12.11355068206787,19.339311180114745,9.592815589904784
120701,TARMA,TARMA,JUNIN,3.0994935512542723,1.2937829494476318,6.014940547943115,1.5931200769450986,2.7179471492767333,1.4388335943222046,5.339953994750976,4.721157598495483
120702,ACOBAMBA,TARMA,JUNIN,6.181783294677734,5.208399772644043,6.750579738616944,0.6915658423511271,6.586370658874512,5.483993949890137,6.717737922668458,1.5421799659729003
120703,HUARICOLCA,TARMA,JUNIN,3.24751942952474,2.2655643463134765,3.78900260925293,0.5283171642500184,3.405016613006592,2.579581379890442,3.7579603672027586,1.5234382629394532
120704,HUASAHUASI,TARMA,JUNIN,5.136721992492676,1.4057271242141725,11.21876564025879,2.674451382945137,4.228305625915527,2.5327987766265876,9.138953990936278,9.813038516044617
120705,LA UNION,TARMA,JUNIN,2.1969256162643434,1.2209399223327637,3.710020923614502,0.9358003771925005,1.92837073802948,1.360839252471924,3.2478557610511785,2.4890810012817384
120706,PALCA,TARMA,JUNIN,6.007262802124023,2.8162049770355226,8.806119155883788,2.152360600990823,6.141175174713135,3.2215273141860963,8.64511863708496,5.989914178848267
120707,PALCAMAYO,TARMA,JUNIN,3.1582427978515626,1.6048432826995849,5.182481670379639,1.3260205954983242,3.1111920833587647,1.6207818269729615,4.742754793167114,3.5776383876800537
120708,SAN PEDRO DE CAJAS,TARMA,JUNIN,3.199647881002987,0.326593154668808,7.923449516296387,2.330531283356212,3.050246524810791,0.41743359506130223,6.551883392333984,7.596856361627578
120709,TAPO,TARMA,JUNIN,4.85568904876709,2.9237442016601562,6.985103511810303,1.3082460312596695,4.739332389831543,3.4769081115722655,6.350826454162598,4.061359310150147
120801,LA OROYA,YAULI,JUNIN,2.4546287536621096,1.4965686321258544,3.486988067626953,0.647025340624931,2.4283920764923095,1.6335557746887208,3.349785881042481,1.9904194355010987
120802,CHACAPALPA,YAULI,JUNIN,1.6132523536682128,0.02008448392152786,3.1095815658569337,0.9996262672238456,1.4094321727752686,0.5880539216101169,2.842271089553833,3.0894970819354057
120803,HUAY-HUAY,YAULI,JUNIN,0.1359465936819712,-0.6391952216625214,0.7131257593631745,0.5087926637577848,0.23402941226959229,-0.5100216522812844,0.6838320285081864,1.3523209810256958
120804,MARCAPOMACOCHA,YAULI,JUNIN,-0.3339530320003115,-1.3842425107955934,1.1505160093307496,0.6023230993808327,-0.45688911378383634,-0.9210534596443175,0.5563118362426758,2.534758520126343
120805,MOROCOCHA,YAULI,JUNIN,-0.3878842380311754,-1.1499238014221191,0.4240308851003647,0.5126239278395968,-0.5314283072948456,-1.082578592300415,0.22631961107254034,1.5739546865224838
120806,PACCHA,YAULI,JUNIN,1.3323131561279298,-0.043180347234010694,2.256992149353027,0.7002436795340043,1.2428855419158935,0.648439246416092,2.2065990209579467,2.300172496587038
120807,SANTA BARBARA DE CARHUACAYAN,YAULI,JUNIN,0.49523042332042344,-0.1550672210752964,1.321712613105774,0.43986308197074314,0.46984841823577883,-0.05455253582447768,1.1007995784282687,1.4767798341810703
120808,SANTA ROSA DE SACCO,YAULI,JUNIN,1.2664021253585815,0.5722203195095062,1.9605839490890502,0.6941818147897727,1.2664021253585815,0.7110566824674607,1.8217475861310959,1.388363629579544
120809,SUITUCANCHA,YAULI,JUNIN,-0.5526128019605364,-1.4245232582092284,0.3022369652986526,0.6467572825072953,-0.3702922612428665,-1.2971648359298706,0.20000230401754387,1.7267602235078812
120810,YAULI,YAULI,JUNIN,0.0006474447250366166,-1.1448932051658631,1.6967097759246825,0.7162295637671141,-0.15852001123130322,-0.6877862858772279,0.8658582186698911,2.8416029810905457
120902,AHUAC,CHUPACA,JUNIN,3.599978971481323,2.6429327011108397,4.557025337219239,0.9570463180542024,3.599978971481323,2.8343419647216797,4.365616073608399,1.9140926361083985
120903,CHONGOS BAJO,CHUPACA,JUNIN,0.01464127004146576,-0.03423333466053009,0.06351587921380997,0.048874606937171404,0.01464127004146576,-0.024458413273096075,0.05374095782637596,0.09774921387434006
120905,HUAMANCACA CHICO,CHUPACA,JUNIN,4.9243494987487795,4.9243494987487795,4.9243494987487795,0.0,4.9243494987487795,4.9243494987487795,4.9243494987487795,0.0
120906,SAN JUAN DE ISCOS,CHUPACA,JUNIN,2.7373895168304445,2.7373895168304445,2.7373895168304445,0.0,2.7373895168304445,2.7373895168304445,2.7373895168304445,0.0
120907,SAN JUAN DE JARPA,CHUPACA,JUNIN,2.375876744588216,0.36448611319065094,3.7182027816772463,1.0708065253729506,2.640562868118286,1.0792007759213447,3.4078667163848877,3.3537166684865953
120908,TRES DE DICIEMBRE,CHUPACA,JUNIN,4.763896942138672,4.763896942138672,4.763896942138672,0.0,4.763896942138672,4.763896942138672,4.763896942138672,0.0
120909,YANACANCHA,CHUPACA,JUNIN,-0.23381897163391113,-1.380080556869507,1.5444223403930664,0.7897255487201644,-0.3067790001630783,-1.1468831133842468,0.8161225783824924,2.924502897262573
130101,TRUJILLO,TRUJILLO,LA LIBERTAD,18.589252090454103,18.589252090454103,18.589252090454103,0.0,18.589252090454103,18.589252090454103,18.589252090454103,0.0
130102,EL PORVENIR,TRUJILLO,LA LIBERTAD,17.688251495361328,17.4490234375,17.92747917175293,0.23922786712677171,17.688251495361328,17.49686901092529,17.879633598327636,0.4784557342529297
130104,HUANCHACO,TRUJILLO,LA LIBERTAD,17.633370293511284,16.32264938354492,18.29012222290039,0.5044469620276983,17.73050727844238,17.332118682861328,17.961348419189456,1.9674728393554688
130105,LA ESPERANZA,TRUJILLO,LA LIBERTAD,18.118466949462892,18.118466949462892,18.118466949462892,0.0,18.118466949462892,18.118466949462892,18.118466949462892,0.0
130106,LAREDO,TRUJILLO,LA LIBERTAD,17.227624511718748,14.302827835083008,17.946480560302735,0.9498336038517916,17.550345611572265,16.741900196075438,17.832096138000487,3.6436527252197264
130107,MOCHE,TRUJILLO,LA LIBERTAD,18.093939208984374,18.093939208984374,18.093939208984374,0.0,18.093939208984374,18.093939208984374,18.093939208984374,0.0
130108,POROTO,TRUJILLO,LA LIBERTAD,16.930581919352214,14.670240211486817,17.694610595703125,1.0466071014813547,17.354012298583985,15.772380352020264,17.665352058410644,3.0243703842163088
130109,SALAVERRY,TRUJILLO,LA LIBERTAD,17.348002485795455,16.733610916137696,17.803700256347657,0.3059576582612726,17.365454864501952,16.97740936279297,17.70651779174805,1.070089340209961
130110,SIMBAL,TRUJILLO,LA LIBERTAD,16.16620566628196,14.675240325927735,17.434360122680665,0.8935987866500765,16.199065971374512,14.952233505249023,17.285176849365236,2.7591197967529295
130111,VICTOR LARCO HERRERA,TRUJILLO,LA LIBERTAD,18.082270431518555,18.082270431518555,18.082270431518555,0.0,18.082270431518555,18.082270431518555,18.082270431518555,0.0
130201,ASCOPE,ASCOPE,LA LIBERTAD,17.86426200866699,17.261737442016603,18.133236694335938,0.26674442199757226,17.936907958984374,17.570346641540528,18.1014640045166,0.8714992523193359
130202,CHICAMA,ASCOPE,LA LIBERTAD,17.896813583374023,16.256997108459473,18.521160507202147,0.4360911308060548,17.949320602416993,17.404068031311034,18.323657569885256,2.2641633987426757
130203,CHOCOPE,ASCOPE,LA LIBERTAD,18.007087453206378,17.92875099182129,18.13236427307129,0.08958222161561472,17.960147857666016,17.935030364990233,18.097920989990236,0.20361328125
130204,MAGDALENA DE CAO,ASCOPE,LA LIBERTAD,18.065458424886067,17.849629211425782,18.25208740234375,0.1310740722472605,18.092927169799804,17.905623626708984,18.19782409667969,0.40245819091796875
130205,PAIJAN,ASCOPE,LA LIBERTAD,18.02424850463867,18.013005828857423,18.03549156188965,0.011242866639346125,18.02424850463867,18.015254402160647,18.033242988586423,0.022485733032226562
130206,RAZURI,ASCOPE,LA LIBERTAD,17.801843539151278,17.545857620239257,18.021992111206053,0.138676040488034,17.785135650634764,17.63779487609863,17.97932662963867,0.4761344909667969
130207,SANTIAGO DE CAO,ASCOPE,LA LIBERTAD,18.339739990234374,18.209721755981445,18.48116569519043,0.11413304724846943,18.33403625488281,18.221585845947267,18.462456893920898,0.27144393920898435
130208,CASA GRANDE,ASCOPE,LA LIBERTAD,17.67258046468099,16.665849876403808,18.119340896606445,0.37189406688789245,17.773965072631835,17.106141204833985,18.032809829711915,1.4534910202026368
130301,BOLIVAR,BOLIVAR,LA LIBERTAD,11.159359036959135,4.989961719512939,19.508368682861327,4.304311559850062,10.379977226257324,6.155986595153808,17.424261856079102,14.518406963348388
130302,BAMBAMARCA,BOLIVAR,LA LIBERTAD,14.521129608154297,9.207162666320801,18.412972259521485,3.395905829887325,15.232191848754884,10.73543420791626,17.73797529220581,9.205809593200684
130303,CONDORMARCA,BOLIVAR,LA LIBERTAD,10.227420552571614,6.203557872772217,16.84573287963867,3.4583153745322,10.072004890441894,6.725295085906983,14.441633300781252,10.642175006866456
130304,LONGOTEA,BOLIVAR,LA LIBERTAD,15.78335927327474,10.476148414611817,18.014562606811523,2.585307605908146,16.522929382324218,12.888525581359863,17.938623046875,7.538414192199707
130305,UCHUMARCA,BOLIVAR,LA LIBERTAD,8.579177529471261,6.331082439422607,12.485066032409668,2.2130027352128594,8.061051559448241,6.3585701751708985,11.238187141418459,6.1539835929870605
130306,UCUNCHA,BOLIVAR,LA LIBERTAD,13.242505900065103,10.642117500305176,16.04620532989502,2.2108976022368996,13.039194869995118,11.121532974243163,15.444803237915039,5.404087829589844
130401,CHEPEN,CHEPEN,LA LIBERTAD,18.13966003417969,17.858132553100585,18.43991355895996,0.19441436930417144,18.167501068115236,17.90776500701904,18.367636222839355,0.581781005859375
130402,PACANGA,CHEPEN,LA LIBERTAD,18.05797536749589,17.568625259399415,18.55910301208496,0.28931907371126553,18.04616775512695,17.642238311767578,18.43830238342285,0.9904777526855468
130403,PUEBLO NUEVO,CHEPEN,LA LIBERTAD,17.918826633029514,17.528983688354494,18.28366165161133,0.23813350953870457,17.90360870361328,17.64282371520996,18.233045806884768,0.7546779632568359
130501,JULCAN,JULCAN,LA LIBERTAD,6.87766842312283,5.713078784942627,9.223064422607422,0.9822527758130308,6.672646331787109,6.099713077545165,7.947227020263672,3.509985637664795
130502,CALAMARCA,JULCAN,LA LIBERTAD,7.120013936360678,4.438350677490234,10.375540351867675,1.9483889084110515,7.0234450340271,5.04300537109375,9.293591594696045,5.937189674377441
130503,CARABAMBA,JULCAN,LA LIBERTAD,7.896726771763393,5.885061168670655,10.88549976348877,1.6830711158866556,7.631856250762939,6.17531909942627,9.985016822814941,5.000438594818116
130504,HUASO,JULCAN,LA LIBERTAD,9.19875467936198,4.133945465087891,14.077106475830078,3.1845561476279363,9.170433807373048,5.121528263092041,13.237302894592284,9.943161010742188
130601,OTUZCO,OTUZCO,LA LIBERTAD,10.114243316650391,5.664299869537354,15.894240760803223,3.1658606349876384,9.411738967895507,6.342543830871582,15.005680541992188,10.22994089126587
130602,AGALLPAMPA,OTUZCO,LA LIBERTAD,7.623529968261718,5.3855382919311525,9.79960231781006,1.4249953319463606,7.541447925567627,6.063983707427978,9.603757457733154,4.414064025878906
130604,CHARAT,OTUZCO,LA LIBERTAD,12.43249028523763,9.127775382995605,15.921325492858887,2.776523616424373,12.248369598388672,9.751894226074219,15.186734313964843,6.793550109863281
130605,HUARANCHAL,OTUZCO,LA LIBERTAD,10.92120590209961,8.737171363830566,13.928306579589844,2.1977350610539426,10.098139381408691,9.00936496734619,13.162273139953612,5.191135215759277
130606,LA CUESTA,OTUZCO,LA LIBERTAD,9.483823204040528,6.104831123352051,12.862815284729004,3.3789920806884934,9.483823204040528,6.7806295394897464,12.187016868591309,6.757984161376953
130608,MACHE,OTUZCO,LA LIBERTAD,7.204741668701172,6.038805198669434,7.82499589920044,0.8250948057617181,7.750424003601074,6.381128959655761,7.810081520080567,1.7861907005310058
130610,PARANDAY,OTUZCO,LA LIBERTAD,9.015844917297363,9.015844917297363,9.015844917297363,0.0,9.015844917297363,9.015844917297363,9.015844917297363,0.0
130611,SALPO,OTUZCO,LA LIBERTAD,13.172970581054688,9.802989959716797,16.752013969421387,2.6403095115191597,13.08800220489502,10.24742259979248,16.183485317230225,6.94902400970459
130613,SINSICAP,OTUZCO,LA LIBERTAD,13.194317626953126,5.930303955078125,17.968769454956053,3.9546601311119587,13.4199462890625,7.292172746658325,17.652122993469238,12.03846549987793
130614,USQUIL,OTUZCO,LA LIBERTAD,9.991056925455728,6.070139598846436,13.908949089050292,2.2798003569323813,9.819252395629883,6.960181198120116,12.465065078735353,7.838809490203857
130701,SAN PEDRO DE LLOC,PACASMAYO,LA LIBERTAD,17.878908575148813,17.51189842224121,18.3295841217041,0.19948958445304338,17.872222900390625,17.60499038696289,18.136049270629883,0.8176856994628906
130702,GUADALUPE,PACASMAYO,LA LIBERTAD,18.189569854736327,18.01065101623535,18.483604431152344,0.18179564332448736,18.132011795043944,18.02972213745117,18.395463752746583,0.47295341491699217
130703,JEQUETEPEQUE,PACASMAYO,LA LIBERTAD,18.18120002746582,18.001580429077148,18.360819625854493,0.1796195983897333,18.18120002746582,18.03750434875488,18.32489570617676,0.35923919677734373
130704,PACASMAYO,PACASMAYO,LA LIBERTAD,18.03322105407715,18.03322105407715,18.03322105407715,0.0,18.03322105407715,18.03322105407715,18.03322105407715,0.0
130705,SAN JOSE,PACASMAYO,LA LIBERTAD,18.065997619628906,17.858127975463866,18.301505661010744,0.15487361873213862,18.062637710571288,17.8990714263916,18.239794845581052,0.443377685546875
130801,TAYABAMBA,PATAZ,LA LIBERTAD,6.976838684082031,5.026423835754395,11.513674926757812,1.8258800821257346,6.38898458480835,5.04713773727417,9.014073753356934,6.487251091003418
130802,BULDIBUYO,PATAZ,LA LIBERTAD,5.481721210479736,4.597931957244873,6.739551448822022,0.7534089337160976,5.099023532867432,4.817266550064086,6.636530532836915,2.1416194915771483
130803,CHILLIA,PATAZ,LA LIBERTAD,9.972602982954545,5.353783416748047,14.346324348449707,2.8035665674935664,9.185216522216797,6.66121473312378,14.297694396972656,8.99254093170166
130804,HUANCASPATA,PATAZ,LA LIBERTAD,7.1025564575195315,5.451675891876221,9.23688201904297,1.41052801414372,6.95092077255249,5.590656642913818,8.771799507141113,3.785206127166748
130805,HUAYLILLAS,PATAZ,LA LIBERTAD,8.477996635437012,6.863554668426514,9.9213041305542,1.1640720089717813,8.563563537597656,7.194055976867675,9.693483219146728,3.0577494621276857
130806,HUAYO,PATAZ,LA LIBERTAD,13.363908640543618,12.152255439758301,14.01509494781494,0.8575879190871569,13.924374961853028,12.506679344177247,13.996950950622558,1.8628395080566407
130807,ONGON,PATAZ,LA LIBERTAD,9.133317603134529,5.298363494873047,15.54288845062256,2.858507757627458,8.19338846206665,5.932567024230957,13.059196662902831,10.244524955749512
130808,PARCOY,PATAZ,LA LIBERTAD,10.368103408813477,5.151998233795166,16.583663558959962,4.095045237711178,9.840248489379883,5.449352769851685,16.469568691253663,11.431665325164795
130809,PATAZ,PATAZ,LA LIBERTAD,12.676901027134488,5.351484298706055,18.2410400390625,4.474390887494014,14.159521484375,6.535050077438354,18.113242301940918,12.889555740356446
130810,PIAS,PATAZ,LA LIBERTAD,9.59368896484375,4.980186843872071,16.99402770996094,4.035619989216403,9.030146598815918,5.273115196228028,14.691972026824951,12.013840866088866
130811,SANTIAGO DE CHALLAS,PATAZ,LA LIBERTAD,11.194071769714355,8.776275253295898,13.600600624084473,1.8225577447366839,11.19970531463623,9.23085781097412,13.152778549194338,4.824325370788574
130812,TAURIJA,PATAZ,LA LIBERTAD,12.488099098205566,9.515746879577637,15.055706787109376,2.2181942415154507,12.690471076965332,10.03489179611206,14.779408473968507,5.539959907531738
130813,URPAY,PATAZ,LA LIBERTAD,11.42318344116211,7.64083309173584,15.04799861907959,2.664394729675599,11.501951599121094,8.593728027343749,14.189625072479249,7.40716552734375
130901,HUAMACHUCO,SANCHEZ CARRION,LA LIBERTAD,7.895272282191685,5.227520847320557,10.615518760681152,1.579385982129835,8.183605289459228,5.665718202590942,9.792021541595458,5.3879979133605955
130902,CHUGAY,SANCHEZ CARRION,LA LIBERTAD,8.771688588460286,5.138414669036865,12.485126495361328,1.9893602710208256,9.4226806640625,6.172139329910278,10.48878454208374,7.346711826324463
130903,COCHORCO,SANCHEZ CARRION,LA LIBERTAD,10.287056986490885,5.857935810089112,14.846871185302735,3.1207255034477672,10.875251388549804,6.284742603302002,13.658786315917968,8.988935375213623
130904,CURGOS,SANCHEZ CARRION,LA LIBERTAD,7.358049488067627,5.72174596786499,9.425366973876953,1.4236435307146442,7.142542362213135,5.929308462142944,8.959196043014527,3.703621006011963
130905,MARCABAL,SANCHEZ CARRION,LA LIBERTAD,8.853709920247395,5.695573520660401,13.186307144165038,2.662786220217179,7.452566528320313,6.01830057144165,12.714665451049806,7.490733623504639
130906,SANAGORAN,SANCHEZ CARRION,LA LIBERTAD,8.479363250732423,6.422425937652588,13.81724796295166,2.1456914436881798,7.524167919158936,6.830311737060548,10.929905319213868,7.394822025299073
130907,SARIN,SANCHEZ CARRION,LA LIBERTAD,6.3184512051669035,4.267922115325928,8.795159149169923,1.3977398895774158,6.1565533638000485,4.864661312103271,8.55537395477295,4.527237033843994
130908,SARTIMBAMBA,SANCHEZ CARRION,LA LIBERTAD,12.961247370793268,7.373633193969726,18.076815032958983,3.6226737329279715,12.577199745178223,7.80877508163452,17.780244903564455,10.703181838989257
131001,SANTIAGO DE CHUCO,SANTIAGO DE CHUCO,LA LIBERTAD,7.29823992047991,3.957245111465454,14.673733139038086,2.843913351166015,6.8671571731567385,4.271743335723878,11.342984542846681,10.716488027572632
131002,ANGASMARCA,SANTIAGO DE CHUCO,LA LIBERTAD,7.329866981506347,6.657780742645263,7.7167669296264645,0.41751195443713796,7.472459983825684,6.852868690490723,7.692790699005127,1.0589861869812012
131003,CACHICADAN,SANTIAGO DE CHUCO,LA LIBERTAD,6.014497629801432,4.464395141601562,7.565643405914306,0.9920239604308044,5.581794166564942,4.859159011840821,7.316115970611572,3.101248264312744
131004,MOLLEBAMBA,SANTIAGO DE CHUCO,LA LIBERTAD,7.331092834472656,4.898190498352051,9.763995170593262,2.43290233612061,7.331092834472656,5.3847709655761715,9.277414703369141,4.865804672241211
131005,MOLLEPATA,SANTIAGO DE CHUCO,LA LIBERTAD,6.425781758626303,3.9240557193756103,8.556984901428223,1.9094814203589785,6.796304225921631,4.498505420684815,8.204848766326904,4.632929182052612
131006,QUIRUVILCA,SANTIAGO DE CHUCO,LA LIBERTAD,4.931998443603516,3.9456796169281008,5.978656005859375,0.6052617717616615,4.865069580078125,4.171382355690002,5.697535991668701,2.0329763889312744
131007,SANTA CRUZ DE CHUCA,SANTIAGO DE CHUCO,LA LIBERTAD,9.328241729736327,7.148103809356689,12.54853458404541,1.8151624236936783,8.882496070861816,7.498405075073242,11.603824520111084,5.40043077468872
131008,SITABAMBA,SANTIAGO DE CHUCO,LA LIBERTAD,6.455046997070312,4.282327508926391,13.060089111328125,2.640321948803992,5.296103763580322,4.6237209177017204,9.95661054611206,8.777761602401734
131101,CASCAS,GRAN CHIMU,LA LIBERTAD,14.196843338012695,7.510574817657471,18.285963821411134,3.4545352467983177,15.047340393066406,9.57950325012207,17.978458213806153,10.775389003753663
131102,LUCMA,GRAN CHIMU,LA LIBERTAD,15.427040405273436,10.724820709228515,18.28820457458496,2.4256296166904123,16.563896560668944,12.165201454162597,17.76601135253906,7.563383865356445
131103,MARMOT,GRAN CHIMU,LA LIBERTAD,14.433559265136719,7.76013069152832,18.18647155761719,3.4026729070281503,15.214827156066894,10.381018657684326,17.932753982543947,10.426340866088868
131104,SAYAPULLO,GRAN CHIMU,LA LIBERTAD,12.385013689313615,8.905940628051757,15.684584808349609,2.0471557788974732,12.434740829467774,10.021274604797364,14.851197319030764,6.778644180297851
131201,VIRU,VIRU,LA LIBERTAD,17.011249421772202,12.205177688598633,18.128432846069337,1.4096433543277744,17.54323959350586,15.474226932525635,17.854354515075684,5.923255157470703
131202,CHAO,VIRU,LA LIBERTAD,16.534568469929248,8.744545364379883,18.186988067626952,2.1511453375307745,17.519576263427734,13.240604591369628,17.98325637817383,9.442442703247071
131203,GUADALUPITO,VIRU,LA LIBERTAD,17.621246337890625,17.069738388061523,18.002611923217774,0.27209016527036106,17.70197868347168,17.28382484436035,17.940415840148926,0.93287353515625
140101,CHICLAYO,CHICLAYO,LAMBAYEQUE,18.730802408854167,18.57109832763672,18.92585334777832,0.1503797003692719,18.695455932617186,18.595969848632812,18.87977386474609,0.35475502014160154
140102,CHONGOYAPE,CHICLAYO,LAMBAYEQUE,18.741492970784503,17.737041854858397,19.288271713256837,0.41958464473546,18.86603240966797,18.18021987915039,19.189088554382323,1.5512298583984374
140103,ETEN,CHICLAYO,LAMBAYEQUE,18.33452911376953,18.189181900024415,18.47987632751465,0.14534721374614037,18.33452911376953,18.218251342773435,18.450806884765626,0.2906944274902344
140104,ETEN PUERTO,CHICLAYO,LAMBAYEQUE,18.294732666015626,18.294732666015626,18.294732666015626,0.0,18.294732666015626,18.294732666015626,18.294732666015626,0.0
140105,JOSE LEONARDO ORTIZ,CHICLAYO,LAMBAYEQUE,18.553334426879882,18.553334426879882,18.553334426879882,0.0,18.553334426879882,18.553334426879882,18.553334426879882,0.0
140106,LA VICTORIA,CHICLAYO,LAMBAYEQUE,18.46578483581543,18.46578483581543,18.46578483581543,0.0,18.46578483581543,18.46578483581543,18.46578483581543,0.0
140107,LAGUNAS,CHICLAYO,LAMBAYEQUE,18.060102539062502,17.72183151245117,18.439738845825197,0.2142408438919335,18.001959609985352,17.81427001953125,18.355946502685548,0.7179073333740235
140108,MONSEFU,CHICLAYO,LAMBAYEQUE,18.311869430541993,18.194435119628906,18.429304122924805,0.11743450165005183,18.311869430541993,18.217922019958497,18.405817222595214,0.23486900329589844
140109,NUEVA ARICA,CHICLAYO,LAMBAYEQUE,18.581226501464844,18.231109619140625,18.836133193969726,0.2285017139301036,18.696193313598634,18.300249176025392,18.797174453735348,0.6050235748291015
140110,OYOTUN,CHICLAYO,LAMBAYEQUE,17.923569107055663,14.618103408813477,18.883256912231445,1.1990224997834467,18.388961410522462,16.10526809692383,18.810891914367676,4.265153503417968
140111,PICSI,CHICLAYO,LAMBAYEQUE,18.40363998413086,18.329419708251955,18.47786102294922,0.07422065735461567,18.40363998413086,18.34426383972168,18.46301689147949,0.14844131469726562
140112,PIMENTEL,CHICLAYO,LAMBAYEQUE,18.47325668334961,18.429908752441406,18.516604614257812,0.043347930908203124,18.47325668334961,18.438578338623046,18.507935028076172,0.08669586181640625
140113,REQUE,CHICLAYO,LAMBAYEQUE,18.521568298339844,18.474369049072266,18.56876907348633,0.047200012216496424,18.521568298339844,18.48380905151367,18.55932907104492,0.0944000244140625
140115,SANA,CHICLAYO,LAMBAYEQUE,18.32224464416504,17.898608016967774,18.649696350097656,0.21781672724895818,18.3334041595459,18.097155952453612,18.57311248779297,0.7510883331298828
140116,CAYALTI,CHICLAYO,LAMBAYEQUE,18.101222229003906,17.74968032836914,18.5187686920166,0.25596879079412893,18.09735107421875,17.832783508300786,18.38441078186035,0.7690883636474609
140117,PATAPO,CHICLAYO,LAMBAYEQUE,18.205797119140627,18.045106506347658,18.39480972290039,0.13830000042268278,18.168889236450195,18.060786132812503,18.371235656738282,0.3497032165527344
140118,POMALCA,CHICLAYO,LAMBAYEQUE,18.489373779296876,18.489373779296876,18.489373779296876,0.0,18.489373779296876,18.489373779296876,18.489373779296876,0.0
140119,PUCALA,CHICLAYO,LAMBAYEQUE,18.054211044311522,17.40156021118164,18.884081268310545,0.47946117539295396,18.010573196411134,17.45590618133545,18.640234031677245,1.4825210571289062
140120,TUMAN,CHICLAYO,LAMBAYEQUE,18.215262603759765,18.152369689941406,18.35246047973633,0.08026757192330129,18.178108978271485,18.1585315322876,18.301715202331543,0.20009078979492187
140201,FERRENAFE,FERRENAFE,LAMBAYEQUE,18.15654754638672,18.15654754638672,18.15654754638672,0.0,18.15654754638672,18.15654754638672,18.15654754638672,0.0
140202,CANARIS,FERRENAFE,LAMBAYEQUE,9.946121826171876,7.535707473754883,11.355722045898437,1.3066948790661967,10.49761085510254,7.797025957107543,11.138832187652588,3.8200145721435548
140203,INCAHUASI,FERRENAFE,LAMBAYEQUE,10.41490478515625,6.526659107208252,17.071906661987306,3.250412357988562,9.41153678894043,6.7404629898071295,14.884282608032228,10.545247554779053
140204,MANUEL ANTONIO MESONES MURO,FERRENAFE,LAMBAYEQUE,18.50789031982422,18.20670852661133,18.928092575073244,0.2635054675952376,18.443896484375,18.241357383728026,18.909572257995606,0.7213840484619141
140205,PITIPO,FERRENAFE,LAMBAYEQUE,18.373385281032988,17.460210037231445,18.87071304321289,0.3349889602615262,18.41376152038574,18.018614082336427,18.781169242858887,1.4105030059814454
140206,PUEBLO NUEVO,FERRENAFE,LAMBAYEQUE,18.258657455444336,18.258657455444336,18.258657455444336,0.0,18.258657455444336,18.258657455444336,18.258657455444336,0.0
140301,LAMBAYEQUE,LAMBAYEQUE,LAMBAYEQUE,18.41847483317057,18.19487419128418,18.721047973632814,0.13968794854336783,18.40847854614258,18.263908882141116,18.552773780822754,0.5261737823486328
140302,CHOCHOPE,LAMBAYEQUE,LAMBAYEQUE,17.725401306152342,17.22457084655762,18.226231384277344,0.5008302688600316,17.725401306152342,17.32473690032959,18.126065330505373,1.0016605377197265
140303,ILLIMO,LAMBAYEQUE,LAMBAYEQUE,18.20261917114258,18.112882614135742,18.292356491088867,0.08973693847854267,18.20261917114258,18.130830001831054,18.274409103393555,0.179473876953125
140304,JAYANCA,LAMBAYEQUE,LAMBAYEQUE,18.341398366292317,17.652997970581055,19.075587844848634,0.3750285226200984,18.270466995239257,17.91515800476074,18.86953903198242,1.4225898742675782
140305,MOCHUMI,LAMBAYEQUE,LAMBAYEQUE,18.23742790222168,18.220166778564455,18.254689025878907,0.01726112366954883,18.23742790222168,18.223619003295898,18.251236801147463,0.03452224731445312
140306,MORROPE,LAMBAYEQUE,LAMBAYEQUE,18.524117702907983,17.94482879638672,19.150243759155273,0.30550698697958084,18.52267990112305,18.15655384063721,18.948908233642577,1.2054149627685546
140307,MOTUPE,LAMBAYEQUE,LAMBAYEQUE,18.544107200985863,17.773978805541994,19.01638298034668,0.24980814256039033,18.56572036743164,18.320617294311525,18.784743881225587,1.2424041748046875
140308,OLMOS,LAMBAYEQUE,LAMBAYEQUE,18.906456252134564,18.24211006164551,19.502547454833984,0.23070147358509585,18.92490463256836,18.591061325073245,19.182630157470705,1.2604373931884765
140309,PACORA,LAMBAYEQUE,LAMBAYEQUE,18.385388565063476,18.22797508239746,18.54280242919922,0.1574136734015565,18.385388565063476,18.259457817077635,18.511319694519045,0.31482734680175783
140310,SALAS,LAMBAYEQUE,LAMBAYEQUE,15.771808786103222,8.034471702575683,18.79008903503418,2.576385732210031,16.39061870574951,12.567048225402832,18.45415084838867,10.755617332458495
140311,SAN JOSE,LAMBAYEQUE,LAMBAYEQUE,18.204522705078126,18.204522705078126,18.204522705078126,0.0,18.204522705078126,18.204522705078126,18.204522705078126,0.0
140312,TUCUME,LAMBAYEQUE,LAMBAYEQUE,18.246445846557616,18.232968521118163,18.2599235534668,0.013477516176939347,18.246445846557616,18.235664024353028,18.257228050231934,0.026955032348632814
150102,ANCON,LIMA,LIMA,16.452300720214843,16.051559448242188,17.15116767883301,0.3774071074771235,16.32920112609863,16.087516326904296,17.109079055786133,1.0996082305908204
150103,ATE,LIMA,LIMA,15.643419392903647,15.211601257324219,16.172284889221192,0.39830862299955183,15.546371841430664,15.278555374145508,16.047102279663086,0.9606836318969727
150106,CARABAYLLO,LIMA,LIMA,16.37685818142361,15.617145156860351,17.056516647338867,0.3874304437409283,16.36018314361572,16.012868270874026,16.87385887145996,1.4393714904785155
150107,CHACLACAYO,LIMA,LIMA,15.441456604003907,15.441456604003907,15.441456604003907,0.0,15.441456604003907,15.441456604003907,15.441456604003907,0.0
150108,CHORRILLOS,LIMA,LIMA,18.180150985717773,18.180150985717773,18.180150985717773,0.0,18.180150985717773,18.180150985717773,18.180150985717773,0.0
150109,CIENEGUILLA,LIMA,LIMA,15.96045379638672,15.38082675933838,16.477040481567382,0.38781768144649054,16.074367713928222,15.49468952178955,16.373550758361816,1.0962137222290038
150110,COMAS,LIMA,LIMA,17.118177032470705,17.077068710327147,17.15928535461426,0.041108322159431075,17.118177032470705,17.08529037475586,17.151063690185545,0.08221664428710937
150111,EL AGUSTINO,LIMA,LIMA,16.691058349609374,16.691058349609374,16.691058349609374,0.0,16.691058349609374,16.691058349609374,16.691058349609374,0.0
150112,INDEPENDENCIA,LIMA,LIMA,17.782903289794923,17.782903289794923,17.782903289794923,0.0,17.782903289794923,17.782903289794923,17.782903289794923,0.0
150114,LA MOLINA,LIMA,LIMA,17.140139389038087,16.751358032226562,17.52892150878906,0.3887817382822073,17.140139389038087,16.82911437988281,17.451165161132813,0.7775634765625
150118,LURIGANCHO,LIMA,LIMA,15.445828029087613,14.499628448486328,16.65442237854004,0.6446066081254794,15.366794395446778,14.756345863342284,16.150679893493653,2.154793930053711
150119,LURIN,LIMA,LIMA,16.661132049560546,16.567382049560546,16.781277465820313,0.08039066737648352,16.647933959960938,16.58670894622803,16.746113204956053,0.21389541625976563
150121,PUEBLO LIBRE,LIMA,LIMA,17.89165153503418,17.89165153503418,17.89165153503418,0.0,17.89165153503418,17.89165153503418,17.89165153503418,0.0
150122,MIRAFLORES,LIMA,LIMA,18.213576126098634,18.213576126098634,18.213576126098634,0.0,18.213576126098634,18.213576126098634,18.213576126098634,0.0
150123,PACHACAMAC,LIMA,LIMA,16.61700096130371,16.10406322479248,17.06523780822754,0.32599716051435024,16.676864624023438,16.12941467285156,16.97831325531006,0.9611745834350586
150125,PUENTE PIEDRA,LIMA,LIMA,16.896250915527343,16.896250915527343,16.896250915527343,0.0,16.896250915527343,16.896250915527343,16.896250915527343,0.0
150126,PUNTA HERMOSA,LIMA,LIMA,16.501194763183594,16.298239326477052,16.74659957885742,0.1867295784154312,16.458745193481445,16.330340499877927,16.689028701782227,0.4483602523803711
150127,PUNTA NEGRA,LIMA,LIMA,16.258803100585936,15.440632820129395,16.588150787353516,0.433202098492639,16.506223297119142,15.742292747497558,16.578581237792967,1.1475179672241211
150129,SAN BARTOLO,LIMA,LIMA,16.558201217651366,16.370868301391603,16.745534896850586,0.18733329773146093,16.558201217651366,16.408334960937502,16.708068237304687,0.3746665954589844
150132,SAN JUAN DE LURIGANCHO,LIMA,LIMA,16.565504150390627,15.879835319519042,17.409664916992188,0.5440457793564758,16.384541511535645,16.01468196868897,17.220409240722656,1.5298295974731446
150133,SAN JUAN DE MIRAFLORES,LIMA,LIMA,17.97222137451172,17.91900215148926,18.025440216064453,0.05321903228968918,17.97222137451172,17.929645957946775,18.014796409606937,0.10643806457519531
150134,SAN LUIS,LIMA,LIMA,17.897420501708986,17.897420501708986,17.897420501708986,0.0,17.897420501708986,17.897420501708986,17.897420501708986,0.0
150135,SAN MARTIN DE PORRES,LIMA,LIMA,17.779328536987304,17.447645568847655,18.1110107421875,0.33168258667051453,17.779328536987304,17.51398208618164,18.044674224853516,0.6633651733398438
150136,SAN MIGUEL,LIMA,LIMA,18.07281913757324,18.07281913757324,18.07281913757324,0.0,18.07281913757324,18.07281913757324,18.07281913757324,0.0
150138,SANTA MARIA DEL MAR,LIMA,LIMA,16.896096801757814,16.896096801757814,16.896096801757814,0.0,16.896096801757814,16.896096801757814,16.896096801757814,0.0
150142,VILLA EL SALVADOR,LIMA,LIMA,17.79114685058594,17.79114685058594,17.79114685058594,0.0,17.79114685058594,17.79114685058594,17.79114685058594,0.0
150143,VILLA MARIA DEL TRIUNFO,LIMA,LIMA,17.153749847412108,17.121308898925783,17.186191177368165,0.03244113922304835,17.153749847412108,17.12779712677002,17.179702949523925,0.06488227844238281
150201,BARRANCA,BARRANCA,LIMA,16.986178334554037,16.684132766723632,17.2698917388916,0.1742934199838327,16.981911849975585,16.81163082122803,17.164990615844726,0.5857589721679688
150202,PARAMONGA,BARRANCA,LIMA,16.868086125300483,16.254642295837403,17.284928131103516,0.3328786911417728,16.960356521606446,16.44166702270508,17.235073242187504,1.0302858352661133
150203,PATIVILCA,BARRANCA,LIMA,17.074109322684155,16.833490753173827,17.35158920288086,0.18211946534524912,17.01975746154785,16.872048187255864,17.319991149902343,0.5180984497070312
150204,SUPE,BARRANCA,LIMA,16.72704366048177,15.212283515930176,17.12865791320801,0.44670037739521123,16.85360679626465,16.43384853363037,17.032033462524414,1.916374397277832
150205,SUPE PUERTO,BARRANCA,LIMA,17.08686637878418,17.08686637878418,17.08686637878418,0.0,17.08686637878418,17.08686637878418,17.08686637878418,0.0
150301,CAJATAMBO,CAJATAMBO,LIMA,5.48512077331543,1.7866112470626831,11.834296226501465,2.8950965013743404,4.446761131286621,2.2700762033462523,9.390910720825195,10.047684979438781
150302,COPA,CAJATAMBO,LIMA,3.6274192047119143,1.0695515990257263,7.726253986358643,2.556444580644317,2.4394102096557617,1.229187319278717,6.809048023223878,6.656702387332916
150303,GORGOR,CAJATAMBO,LIMA,4.650890731811524,2.4990963459014894,8.266652393341065,1.8866704476314844,3.8678030014038085,2.6216374015808106,7.695012540817261,5.767556047439575
150304,HUANCAPON,CAJATAMBO,LIMA,11.075721104939777,8.190600776672364,12.68436794281006,1.6090819695455092,11.67059383392334,8.996362686157227,12.560206890106201,4.493767166137696
150305,MANAS,CAJATAMBO,LIMA,11.467999267578126,5.7285231590271,15.057203674316407,2.891362220658372,12.6209285736084,8.076042098999023,14.675223979949951,9.328680515289307
150401,CANTA,CANTA,LIMA,3.647734498977661,0.6665531039237976,6.731948757171631,2.1553989668148716,3.5962181091308594,1.4561489784717563,5.880533146858215,6.065395653247833
150402,ARAHUAY,CANTA,LIMA,10.303270568847656,4.7642570495605465,14.535867881774902,3.3824077172367724,11.453162574768067,6.248387413024902,13.636912956237794,9.771610832214355
150403,HUAMANTANGA,CANTA,LIMA,11.950503200954861,2.778160333633423,16.392346000671388,4.238711953807441,13.305109024047852,5.781963710784913,15.985743885040284,13.614185667037964
150404,HUAROS,CANTA,LIMA,0.848361587524414,-0.6795985877513886,2.618415689468384,0.9744852100487262,0.5648177802562714,0.07793927937746052,2.402722635269165,3.2980142772197723
150405,LACHAQUI,CANTA,LIMA,4.9913795471191404,1.6807766437530518,9.09135398864746,2.647485223332015,5.105680084228515,2.083773260116577,8.011139907836915,7.410577344894409
150406,SAN BUENAVENTURA,CANTA,LIMA,3.371621513366699,1.0528587102890015,7.016875267028809,2.2822478593460156,2.7083759784698485,1.3085527801513674,5.965286641120911,5.964016556739807
150407,SANTA ROSA DE QUIVES,CANTA,LIMA,14.217133742112381,8.214368534088134,16.544282150268554,2.4617793759543365,14.822260475158691,11.229314117431642,16.42051986694336,8.32991361618042
150501,SAN VICENTE DE CANETE,CANETE,LIMA,16.234796142578126,15.443828964233399,17.075422286987305,0.49751600699834997,16.19453659057617,15.64774112701416,16.919488220214845,1.6315933227539063
150502,ASIA,CANETE,LIMA,16.443772277832032,16.125975799560546,16.714847564697266,0.19440466767129766,16.431303787231446,16.254907741546635,16.679400863647466,0.5888717651367188
150503,CALANGO,CANETE,LIMA,14.966572401258679,12.614245986938476,16.5940673828125,1.3492936685569097,15.094013595581055,13.060361652374269,16.514535198211668,3.9798213958740236
150504,CERRO AZUL,CANETE,LIMA,16.713407897949217,16.442263793945312,16.954472732543945,0.17473470577919775,16.758941650390625,16.5113623046875,16.89122367858887,0.5122089385986328
150505,CHILCA,CANETE,LIMA,16.43667106628418,14.530557441711426,16.918246459960937,0.5600423697809365,16.580071258544923,16.029739761352538,16.85094871520996,2.3876890182495116
150506,COAYLLO,CANETE,LIMA,15.359365844726563,12.979482078552246,16.40759162902832,0.9704034020709471,15.527700233459473,14.00257625579834,16.330993881225588,3.428109550476074
150507,IMPERIAL,CANETE,LIMA,16.67138214111328,16.67138214111328,16.67138214111328,0.0,16.67138214111328,16.67138214111328,16.67138214111328,0.0
150508,LUNAHUANA,CANETE,LIMA,14.79410956887638,10.075161933898926,16.680165100097657,1.92550179116516,15.456193161010741,12.109699630737305,16.538607254028317,6.60500316619873
150509,MALA,CANETE,LIMA,16.626302337646486,16.292492485046388,16.857469177246095,0.21409873619554975,16.687602233886718,16.35809783935547,16.83320770263672,0.564976692199707
150510,NUEVO IMPERIAL,CANETE,LIMA,15.824123313210228,13.829545402526856,17.179087448120118,1.0364499811240164,16.365964126586913,14.464871406555176,16.84538688659668,3.3495420455932616
150511,PACARAN,CANETE,LIMA,13.353842381068636,10.571751594543457,16.0106294631958,1.9998511918723891,13.914425277709961,10.739157257080077,15.822731094360353,5.438877868652344
150512,QUILMANA,CANETE,LIMA,15.772551269531252,12.190553092956543,16.717600631713868,1.139337901024906,16.105108642578124,14.652923240661622,16.635865020751954,4.527047538757325
150513,SAN ANTONIO,CANETE,LIMA,16.65720863342285,16.61031150817871,16.704105377197266,0.04689693451558618,16.65720863342285,16.61969089508057,16.694725990295407,0.09379386901855469
150514,SAN LUIS,CANETE,LIMA,16.67417793273926,16.67417793273926,16.67417793273926,0.0,16.67417793273926,16.67417793273926,16.67417793273926,0.0
150515,SANTA CRUZ DE FLORES,CANETE,LIMA,16.491292190551757,16.475756645202637,16.506827926635744,0.015535640732043929,16.491292190551757,16.478863773345946,16.50372079849243,0.031071281433105467
150516,ZUNIGA,CANETE,LIMA,12.733622589111329,9.70231876373291,16.071227073669434,2.1124478152417994,12.373641395568848,10.540801429748536,15.13169696807861,6.368908309936524
150601,HUARAL,HUARAL,LIMA,16.048767671130953,12.93977394104004,16.743536758422852,0.8272922063855882,16.31094608306885,15.261385726928712,16.551855278015136,3.8037628173828124
150602,ATAVILLOS ALTO,HUARAL,LIMA,3.5537308913010817,0.4359689712524414,10.772386360168458,3.230601254642091,1.798578715324402,0.5658803951740266,8.171383342742923,10.336417388916015
150603,ATAVILLOS BAJO,HUARAL,LIMA,7.859201685587566,2.9821918964385987,13.7350830078125,4.072813316846903,7.115292549133301,3.3102716207504272,13.152041339874268,10.752891111373902
150604,AUCALLAMA,HUARAL,LIMA,16.31791737874349,15.084213638305664,16.96045036315918,0.4056376884301723,16.39876937866211,15.808663368225098,16.721955947875976,1.8762367248535157
150605,CHANCAY,HUARAL,LIMA,16.654378128051757,16.2092134475708,17.056864166259764,0.33131514898385556,16.675717926025392,16.290378665924074,17.00130641937256,0.8476507186889648
150606,IHUARI,HUARAL,LIMA,10.619320106506347,2.0040249586105348,15.627754211425781,3.5023740806449255,11.027263069152832,5.971748352050781,14.240573310852051,13.623729252815247
150607,LAMPIAN,HUARAL,LIMA,9.528977330525716,4.467939186096191,14.719570922851563,3.433142708947122,9.307392692565918,5.841523027420044,13.438016033172607,10.251631736755371
150608,PACARAOS,HUARAL,LIMA,1.428729714287652,0.5002205967903137,3.6279829025268553,0.876883536503588,1.0361588716506958,0.80830598115921,2.2694590568542483,3.1277623057365416
150609,SAN MIGUEL DE ACOS,HUARAL,LIMA,12.305336189270019,12.305336189270019,12.305336189270019,0.0,12.305336189270019,12.305336189270019,12.305336189270019,0.0
150610,SANTA CRUZ DE ANDAMARCA,HUARAL,LIMA,1.8539103507995605,0.43224765360355377,4.284761810302735,1.236530093808152,1.4368437290191651,0.7682488575577736,3.356638550758362,3.8525141566991805
150611,SUMBILCA,HUARAL,LIMA,12.004049110412598,6.6122596740722654,16.514188957214355,3.1824666256927707,12.188844108581543,7.701043939590454,15.729869937896728,9.90192928314209
150612,VEINTISIETE DE NOVIEMBRE,HUARAL,LIMA,3.82005261012486,1.410365104675293,7.88132677078247,2.1831620713511457,3.4207955837249755,1.4675037240982056,6.75748245239258,6.470961666107177
150701,MATUCANA,HUAROCHIRI,LIMA,5.812997945149739,0.8792653977870941,10.509737968444824,3.819168487884281,6.09838285446167,1.231110855937004,10.109500503540039,9.63047257065773
150702,ANTIOQUIA,HUAROCHIRI,LIMA,13.735245186941963,10.351515197753907,15.629094505310059,1.5879332533233397,13.99482765197754,11.41066595077515,15.285635528564455,5.277579307556152
150703,CALLAHUANCA,HUAROCHIRI,LIMA,9.555341148376465,7.524658966064453,11.586023330688477,2.030682182312034,9.555341148376465,7.930795402526854,11.179886894226076,4.061364364624024
150704,CARAMPOMA,HUAROCHIRI,LIMA,1.113045038495745,-0.2985654160380363,3.791121482849121,1.293120389776127,0.44162523150444033,0.008381315767765097,2.581363134384156,4.089686898887157
150705,CHICLA,HUAROCHIRI,LIMA,0.38985638618469237,-0.9108277320861816,2.7075984477996826,1.0635232377079082,0.09661521911621093,-0.6717172205448151,1.8091535067558286,3.6184261798858643
150706,CUENCA,HUAROCHIRI,LIMA,8.606893157958984,7.013060474395752,11.41463680267334,1.7199854932685763,7.9999383926391605,7.135169248580934,10.56418188095093,4.401576328277588
150707,HUACHUPAMPA,HUAROCHIRI,LIMA,5.4231620788574215,3.7551390647888185,7.14236307144165,1.3833483164907039,5.371984004974365,4.078508052825928,6.788287258148193,3.387224006652832
150708,HUANZA,HUAROCHIRI,LIMA,0.5621933555603027,-0.9325105786323548,2.118548941612244,0.901858242116867,0.2762876503169537,-0.23240673270076512,2.026735725402832,3.0510595202445985
150709,HUAROCHIRI,HUAROCHIRI,LIMA,1.4160636425018311,0.11239217519760132,3.0407875537872315,0.8151443215023498,1.3936903715133666,0.4729258650541306,2.1898019051551816,2.92839537858963
150710,LAHUAYTAMBO,HUAROCHIRI,LIMA,7.066524600982666,4.7382430076599125,10.570744705200195,2.3947931723853113,6.478555488586426,4.807943849563598,9.795480813980102,5.832501697540283
150711,LANGA,HUAROCHIRI,LIMA,7.472725486755371,5.470378303527832,9.47507266998291,2.0023471832275446,7.472725486755371,5.870847740173339,9.074603233337402,4.0046943664550785
150712,SAN PEDRO DE LARAOS,HUAROCHIRI,LIMA,2.366737174987793,1.381563949584961,3.351910400390625,0.9851732254028356,2.366737174987793,1.5785985946655274,3.154875755310059,1.970346450805664
150713,MARIATANA,HUAROCHIRI,LIMA,6.490440041678292,3.680953598022461,9.575916481018066,1.831234534003182,6.272592544555664,4.411490287780762,8.809142131805421,5.894962882995605
150714,RICARDO PALMA,HUAROCHIRI,LIMA,15.151939201354981,15.05859432220459,15.245284271240234,0.09334497451849018,15.151939201354981,15.077263317108153,15.22661527633667,0.18668994903564454
150715,SAN ANDRES DE TUPICOCHA,HUAROCHIRI,LIMA,6.478473663330078,3.507313060760498,9.823658752441407,2.2486473098643383,6.291461372375489,4.263931493759155,8.84262565612793,6.316345691680908
150716,SAN ANTONIO,HUAROCHIRI,LIMA,12.649149237738715,6.7355400085449215,16.365100288391112,2.98260725189361,12.984271430969239,8.381173067092897,15.760342884063721,9.629560279846192
150717,SAN BARTOLOME,HUAROCHIRI,LIMA,11.605190467834472,9.827224922180175,13.38315658569336,1.7779658317566303,11.605190467834472,10.182818088531494,13.02756341934204,3.5559316635131837
150718,SAN DAMIAN,HUAROCHIRI,LIMA,3.719722239176432,1.22997807264328,5.411303424835205,1.4680955192610115,4.443872451782227,1.517804162502289,5.229182147979737,4.181325352191925
150719,SAN JUAN DE IRIS,HUAROCHIRI,LIMA,2.578249092102051,1.1262917399406434,4.418440628051758,1.2109039055593533,2.325509786605835,1.304550964832306,4.03068962097168,3.2921488881111145
150720,SAN JUAN DE TANTARANCHE,HUAROCHIRI,LIMA,0.33765339652697246,-0.40340616106987,0.7347671687602997,0.5247284834214412,0.6815991878509522,-0.18640509128570554,0.7241335725784301,1.1381733298301697
150721,SAN LORENZO DE QUINTI,HUAROCHIRI,LIMA,2.6146546936035158,-0.6555408477783203,8.08927297592163,2.717656969355601,1.9677807569503785,-0.37437465682625765,6.751874351501465,8.744813823699952
150722,SAN MATEO,HUAROCHIRI,LIMA,2.468939177195231,-0.0653996616601944,7.6083571434021,2.2582084514101473,1.436164379119873,0.31326353025622666,4.614540948867798,7.673756805062294
150723,SAN MATEO DE OTAO,HUAROCHIRI,LIMA,7.177248287200928,4.634601306915283,9.719895172119141,2.5426469326019356,7.177248287200928,5.143130693435669,9.211365785598755,5.085293865203857
150724,SAN PEDRO DE CASTA,HUAROCHIRI,LIMA,5.6769371032714835,2.2769597291946413,8.691229820251465,2.632796378240351,6.062621593475342,3.0340921020507814,8.16550817489624,6.4142700910568236
150725,SAN PEDRO DE HUANCAYRE,HUAROCHIRI,LIMA,2.998291349411011,1.7742144346237183,4.222368144989014,1.2240768551826497,2.998291349411011,2.019029805660248,3.9775527739524845,2.4481537103652955
150726,SANGALLAYA,HUAROCHIRI,LIMA,3.3190710067749025,2.386091947555542,4.252049970626831,0.9329790115356505,3.3190710067749025,2.572687749862671,4.065454168319702,1.865958023071289
150727,SANTA CRUZ DE COCACHACRA,HUAROCHIRI,LIMA,13.936577987670898,13.936577987670898,13.936577987670898,0.0,13.936577987670898,13.936577987670898,13.936577987670898,0.0
150728,SANTA EULALIA,HUAROCHIRI,LIMA,10.201205825805664,5.752952289581299,13.711916160583495,3.13451046396402,10.669977378845214,6.677007455825806,13.350386829376223,7.958963871002197
150729,SANTIAGO DE ANCHUCAYA,HUAROCHIRI,LIMA,0.4399439016977945,-0.11472236020490527,1.1291472554206847,0.5168440616401276,0.3054068425670266,-0.030696519650518884,0.9643991728499532,1.2438696156255902
150730,SANTIAGO DE TUNA,HUAROCHIRI,LIMA,11.14743766784668,9.752477645874023,12.542397499084473,1.394959926605241,11.14743766784668,10.031469631195069,12.263405513763427,2.789919853210449
150731,SANTO DOMINGO DE LOS OLLEROS,HUAROCHIRI,LIMA,13.509621344672308,8.1710675239563,16.369706535339354,2.2189252939754978,13.723130035400391,10.652693557739259,16.019035472869874,8.198639011383056
150732,SURCO,HUAROCHIRI,LIMA,8.046616363525391,3.3083401203155516,10.74553108215332,2.826844780397129,9.06629753112793,4.954059214591981,10.32342908859253,7.437190961837769
150801,HUACHO,HUAURA,LIMA,16.79267807006836,15.856037712097168,17.826530075073244,0.5983422710930919,16.854808807373047,16.062576942443847,17.599054641723633,1.9704923629760742
150802,AMBAR,HUAURA,LIMA,10.612466430664064,1.4628425121307373,16.75625114440918,4.702059369648556,11.828604888916015,2.897199425697327,15.986265468597413,15.293408632278442
150804,CHECRAS,HUAURA,LIMA,7.3206502641950335,2.6257550716400146,10.627620315551757,2.935451612805422,8.401040077209473,3.625867042541504,10.282858238220214,8.001865243911743
150806,HUAURA,HUAURA,LIMA,16.741152572631837,16.024070930480956,17.494210052490235,0.31802476939272023,16.77460880279541,16.413887786865235,17.02323818206787,1.4701391220092774
150807,LEONCIO PRADO,HUAURA,LIMA,4.457778591579862,1.6922111988067627,9.75179214477539,2.643444744177986,3.8124093532562258,1.7431380939483643,7.059371337890626,8.059580945968628
150808,PACCHO,HUAURA,LIMA,9.997750091552735,5.453873920440674,14.802491188049316,3.182246901597712,10.683363914489746,6.057202882766724,13.460613479614256,9.348617267608642
150809,SANTA LEONOR,HUAURA,LIMA,3.3697845458984377,1.7377372980117798,6.382602787017822,1.8194269293868146,2.4668212890625,1.7581351280212403,6.286003684997558,4.644865489006042
150810,SANTA MARIA,HUAURA,LIMA,16.77205963134766,16.49556407928467,17.298224258422852,0.37229438162048334,16.522391319274902,16.500929527282715,17.143057670593258,0.8026601791381835
150811,SAYAN,HUAURA,LIMA,15.498028428819444,9.330012893676757,16.78749885559082,1.52605861052772,16.066181182861328,13.491246643066408,16.667645072937013,7.457485961914062
150812,VEGUETA,HUAURA,LIMA,16.74562168121338,16.264052391052246,17.236580276489256,0.2739585135899694,16.748450469970702,16.466393871307375,17.028946151733397,0.9725278854370117
150901,OYON,OYON,LIMA,2.2228412012900076,1.099359154701233,5.357578945159912,0.9646315061285018,1.907087802886963,1.2821127891540527,3.21983323097229,4.258219790458679
150902,ANDAJES,OYON,LIMA,4.3623057556152345,1.9572943687438964,6.889205837249756,1.6473183567997818,4.172779703140259,2.603297309875488,6.221502323150635,4.931911468505859
150903,CAUJUL,OYON,LIMA,1.4123048305511476,1.107976245880127,1.6598946094512939,0.22909100682669742,1.4690435886383058,1.1801897144317628,1.621724405288696,0.551918363571167
150904,COCHAMARCA,OYON,LIMA,5.665562099880643,2.053937578201294,9.829930877685547,2.6070561443206683,5.766409873962402,2.8443332386016844,8.595072021484375,7.775993299484253
150905,NAVAN,OYON,LIMA,6.084304237365723,1.2727714657783509,12.72047824859619,3.3813941852595404,5.631907558441162,2.399632161855698,10.057525978088378,11.447706782817841
150906,PACHANGARA,OYON,LIMA,5.504983690049913,1.8006553411483766,9.354218482971191,2.2503494852065478,5.048839569091797,2.8344442701339725,8.033831596374512,7.553563141822815
151001,YAUYOS,YAUYOS,LIMA,2.172646366466176,0.39407810270786287,7.118063163757324,2.1250865547292483,1.3981801271438599,0.5705049574375153,4.653069877624512,6.723985061049461
151002,ALIS,YAUYOS,LIMA,0.7759852886199952,-0.8196871995925903,2.6149999141693114,1.259308953531487,0.6008316814899445,-0.6169744521379471,2.344098699092865,3.434687113761902
151003,ALLAUCA,YAUYOS,LIMA,4.481019951315487,0.49431705176830293,11.044152450561523,3.2165926555895346,3.3841714382171633,1.4509578561782837,9.746558799743653,10.54983539879322
151004,AYAVIRI,YAUYOS,LIMA,1.7425175189971924,-0.972704017162323,5.40834674835205,1.7584685312837594,1.7873709440231322,0.0582908332347871,3.3463707494735715,6.381050765514374
151005,AZANGARO,YAUYOS,LIMA,5.108838208516438,4.009920310974121,6.9352764129638675,1.3003904872737533,4.381317901611328,4.084199829101562,6.424484710693359,2.9253561019897463
151006,CACRA,YAUYOS,LIMA,4.562686443328857,-1.1695615768432617,13.774127197265624,6.019341280388295,1.2478065252304078,-0.7683354169130325,13.24556356430054,14.943688774108887
151007,CARANIA,YAUYOS,LIMA,1.2960477828979493,-0.34312861748039725,3.5538055896759033,1.467198092894472,0.5652182340621948,-0.10666782967746255,3.1148114490509036,3.8969342071563005
151008,CATAHUASI,YAUYOS,LIMA,10.172279612223306,8.25006275177002,13.443949890136718,2.3252262365348173,8.82282600402832,8.364615402221679,12.51972511291504,5.1938871383667
151009,CHOCOS,YAUYOS,LIMA,11.4635500226702,7.94676570892334,14.963522148132324,2.486256393762832,11.526375579833985,8.68217300415039,14.836499137878416,7.016756439208985
151010,COCHAS,YAUYOS,LIMA,9.264068603515625,9.264068603515625,9.264068603515625,0.0,9.264068603515625,9.264068603515625,9.264068603515625,0.0
151011,COLONIA,YAUYOS,LIMA,3.956089401245117,-0.43987034559249877,8.614021110534669,3.1182866252884125,4.278442764282227,0.26251279830932617,8.348785057067872,9.053891456127166
151012,HONGOS,YAUYOS,LIMA,1.8850859642028808,0.08579627722501755,6.206380462646484,2.5227497209666265,0.6240835964679718,0.11934612109325826,4.65962775707245,6.120584185421467
151013,HUAMPARA,YAUYOS,LIMA,9.09364070892334,7.566820907592773,10.620460700988769,1.5268198966980278,9.09364070892334,7.872184886932374,10.31509672164917,3.053639793395996
151014,HUANCAYA,YAUYOS,LIMA,0.11796951823764376,-0.623884642124176,1.0004494190216064,0.441506556506134,0.0194747194647789,-0.31668723165988916,0.6313574504852296,1.6243340611457824
151015,HUANGASCAR,YAUYOS,LIMA,7.0671789169311525,5.844696807861328,8.289660930633545,1.2224820613861223,7.0671789169311525,6.08919322013855,8.045164518356323,2.444964122772217
151016,HUANTAN,YAUYOS,LIMA,0.15242886145909626,-1.7787461280822754,4.861061477661133,1.8271981013723742,-0.4531934022903442,-1.383207596540451,2.726496117115022,6.639807605743409
151017,HUANEC,YAUYOS,LIMA,0.6156075716018676,0.6156075716018676,0.6156075716018676,0.0,0.6156075716018676,0.6156075716018676,0.6156075716018676,0.0
151018,LARAOS,YAUYOS,LIMA,0.500805924488948,-1.2910619497299194,4.997123718261719,2.0153697613656045,-0.27407495081424715,-1.2554291772842405,3.662070193290712,6.288185667991638
151019,LINCHA,YAUYOS,LIMA,1.949330393473307,0.3287094920873642,4.375383567810059,1.3625402379346676,1.739297866821289,0.5656561180949211,3.5430373191833495,4.046674075722694
151020,MADEAN,YAUYOS,LIMA,2.5450897761753626,1.079542624950409,5.153082466125488,1.3023251996243055,2.5954667568206786,1.096976239681244,3.939168968200684,4.073539841175079
151021,MIRAFLORES,YAUYOS,LIMA,-0.4754003604253133,-0.9051360011100769,0.28162947967648505,0.4184166599893053,-0.6060063242912292,-0.8759894490242004,0.05579469613730907,1.186765480786562
151022,OMAS,YAUYOS,LIMA,9.897518920898438,4.143674325942993,13.412382888793946,2.922551210881146,9.478315353393555,6.924192395210267,13.293666858673095,9.268708562850952
151023,PUTINZA,YAUYOS,LIMA,7.99868803024292,3.020136070251465,10.352895736694336,2.949559471391119,9.310860061645508,4.692319641113282,10.255318717956543,7.332759666442871
151024,QUINCHES,YAUYOS,LIMA,4.21285343170166,0.325947205722332,8.780950164794922,3.2329478620318697,3.8722579956054686,0.8878648038208485,7.810318145751954,8.45500295907259
151025,QUINOCAY,YAUYOS,LIMA,10.907439117431641,8.264744186401368,12.97912826538086,1.540760056960189,10.972831344604492,9.230792236328124,12.443727645874024,4.714384078979492
151026,SAN JOAQUIN,YAUYOS,LIMA,2.2624159812927247,0.18142888695001602,5.200284004211426,1.9257065511937128,1.833975625038147,0.41704200133681296,4.450542411804198,5.01885511726141
151027,SAN PEDRO DE PILAS,YAUYOS,LIMA,6.982742500305176,4.613270568847656,9.285440063476562,2.07131308343365,7.016129779815674,4.804132270812989,9.13464298248291,4.672169494628906
151028,TANTA,YAUYOS,LIMA,-0.21374918547543614,-1.1987188816070558,0.7168762266635895,0.5544302777856809,-0.11328519582748413,-0.9691251635551452,0.34609135910868644,1.915595108270645
151029,TAURIPAMPA,YAUYOS,LIMA,9.405378633386949,2.103841042518616,13.4385404586792,3.4844622689403706,10.475014114379883,4.504172592163085,13.141823959350585,11.334699416160584
151030,TOMAS,YAUYOS,LIMA,0.026910722255706787,-0.6482566118240356,0.8320591568946838,0.5814221364049496,-0.13919846713542938,-0.6420399862527847,0.8057967579364776,1.4803157687187194
151031,TUPE,YAUYOS,LIMA,1.800682809617784,-1.4443560361862182,10.322806358337402,3.5684135376304327,0.3219711914658546,-1.4338754987716675,6.067019386291505,11.76716239452362
151032,VINAC,YAUYOS,LIMA,5.871959075927734,0.2837173193693161,11.459364700317384,3.795135982049017,4.677630519866943,1.9872822409868243,10.234200363159179,11.175647380948067
151033,VITIS,YAUYOS,LIMA,0.007897146542867028,-0.7194771349430085,1.0578874111175538,0.7606833920564282,-0.3147188499569893,-0.6385254779458046,0.7833661589026453,1.777364546060562
160101,IQUITOS,MAYNAS,LORETO,22.780908203125,22.61756286621094,22.898286437988283,0.07716905811114667,22.784622192382812,22.687020912170407,22.868408851623535,0.28072357177734375
160102,ALTO NANAY,MAYNAS,LORETO,22.557396950183055,22.31613655090332,22.780385971069336,0.10057969729089548,22.569176483154298,22.420430641174317,22.68028789520264,0.4642494201660156
160103,FERNANDO LORES,MAYNAS,LORETO,22.69559375,22.488677978515625,22.958090209960936,0.08985905422247141,22.698506927490236,22.577591361999517,22.8130326461792,0.4694122314453125
160104,INDIANA,MAYNAS,LORETO,22.761414683948864,22.58314208984375,22.972636795043947,0.07387857899793915,22.75538864135742,22.674528694152833,22.861818580627443,0.3894947052001953
160105,LAS AMAZONAS,MAYNAS,LORETO,22.814834299395162,22.62088279724121,23.017606353759767,0.07879291126195542,22.810623550415038,22.7113565826416,22.92095573425293,0.3967235565185547
160106,MAZAN,MAYNAS,LORETO,22.681232925134204,22.320754623413087,22.923162841796874,0.13967902271614419,22.711020278930665,22.45938777923584,22.840328979492188,0.6024082183837891
160107,NAPO,MAYNAS,LORETO,22.519667097929936,22.196440124511717,22.891515731811523,0.15417060024029977,22.519651794433592,22.313309097290038,22.72269828796387,0.6950756072998047
160108,PUNCHANA,MAYNAS,LORETO,22.717701577240565,22.28729133605957,22.81743469238281,0.08436640126083401,22.731573867797852,22.672947540283204,22.78280715942383,0.5301433563232422
160110,TORRES CAUSANA,MAYNAS,LORETO,22.42221875,22.325088500976562,22.54409255981445,0.047645472429120345,22.420388412475585,22.361268997192383,22.490344314575196,0.21900405883789062
160112,BELEN,MAYNAS,LORETO,22.576380004882814,22.038166427612303,23.014810943603514,0.24826305370123727,22.563306045532226,22.28484718322754,22.894889678955078,0.9766445159912109
160113,SAN JUAN BAUTISTA,MAYNAS,LORETO,22.65921055056014,22.55314407348633,23.024098205566407,0.0855652834575135,22.6358211517334,22.582098770141602,22.744717407226563,0.47095413208007814
160201,YURIMAGUAS,ALTO AMAZONAS,LORETO,22.392282061509682,22.13864059448242,22.620171356201173,0.11565862516704847,22.40126304626465,22.233753204345703,22.534569931030273,0.48153076171875
160202,BALSAPUERTO,ALTO AMAZONAS,LORETO,20.994870733963815,15.069380760192871,22.623479461669923,1.8953478584563164,22.07847442626953,18.088319702148436,22.513681335449217,7.55409870147705
160205,JEBEROS,ALTO AMAZONAS,LORETO,22.57379150390625,22.272349548339843,23.180346298217774,0.16399834155227397,22.56063766479492,22.38051990509033,22.779337425231933,0.9079967498779297
160206,LAGUNAS,ALTO AMAZONAS,LORETO,22.745656738281248,22.37973098754883,22.99939727783203,0.10292125882183392,22.763851928710938,22.611973724365235,22.847964935302734,0.6196662902832031
160210,SANTA CRUZ,ALTO AMAZONAS,LORETO,22.40726671720806,22.16838684082031,22.77720489501953,0.16556193045478546,22.37640800476074,22.21955814361572,22.687263107299806,0.6088180541992188
160211,TENIENTE CESAR LOPEZ ROJAS,ALTO AMAZONAS,LORETO,22.265382021949403,22.075439834594725,22.44768867492676,0.08056431896410364,22.267132186889647,22.168940505981443,22.36773708343506,0.37224884033203126
160301,NAUTA,LORETO,LORETO,22.706025523190043,22.552048873901366,22.85563850402832,0.06265235114022408,22.706772232055663,22.626103973388673,22.785440826416014,0.3035896301269531
160302,PARINARI,LORETO,LORETO,22.654230260295826,22.16135597229004,22.9014533996582,0.14164621566879124,22.688161087036132,22.464959716796876,22.798913955688477,0.7400974273681641
160303,TIGRE,LORETO,LORETO,22.499795072115383,22.225249099731446,22.813273620605468,0.14154080182606915,22.47190132141113,22.332448425292966,22.716909484863283,0.5880245208740235
160304,TROMPETEROS,LORETO,LORETO,22.42552504871103,22.2065788269043,22.799991607666016,0.13480355040787217,22.389068603515625,22.283963775634767,22.614671936035155,0.5934127807617188
160305,URARINAS,LORETO,LORETO,22.69943167892157,22.500872802734374,22.929269790649414,0.07237732636780576,22.693677139282226,22.613418617248538,22.79671073913574,0.42839698791503905
160401,RAMON CASTILLA,MARISCAL RAMON CASTILLA,LORETO,22.972546548045152,22.84119415283203,23.10088539123535,0.054056694558809945,22.97425079345703,22.898116760253906,23.039927520751956,0.2596912384033203
160402,PEBAS,MARISCAL RAMON CASTILLA,LORETO,22.87897277333106,22.726175689697264,23.054414367675783,0.06111173103383154,22.880076217651368,22.798041381835937,22.9567041015625,0.32823867797851564
160403,YAVARI,MARISCAL RAMON CASTILLA,LORETO,22.747570878864604,22.457152557373046,23.331428909301756,0.15514254352361573,22.74140510559082,22.554226303100585,22.971070327758788,0.8742763519287109
160404,SAN PABLO,MARISCAL RAMON CASTILLA,LORETO,22.934505008627305,22.767454147338867,23.062043380737304,0.06395912619404102,22.937038040161134,22.847243118286137,23.014624557495118,0.2945892333984375
160501,REQUENA,REQUENA,LORETO,22.601821810527913,22.409147644042967,22.83065299987793,0.10323718623392504,22.576548385620118,22.485558853149417,22.756129455566406,0.42150535583496096
160502,ALTO TAPICHE,REQUENA,LORETO,22.024071935705233,21.017563247680663,22.6438720703125,0.3446170176459057,22.062685775756837,21.518837547302248,22.40050983428955,1.6263088226318358
160503,CAPELO,REQUENA,LORETO,22.591396484374997,22.451598358154296,22.785295486450195,0.07310643224453128,22.59259452819824,22.501063995361328,22.66922348022461,0.3336971282958984
160504,EMILIO SAN MARTIN,REQUENA,LORETO,22.40491191535596,21.561471939086914,22.655113983154298,0.19436702129805203,22.443203735351563,22.16724090576172,22.59752311706543,1.0936420440673829
160505,MAQUIA,REQUENA,LORETO,22.28498962402344,21.02881202697754,22.676865768432616,0.3602752683847936,22.418105697631837,21.62643421173096,22.589706687927247,1.6480537414550782
160506,PUINAHUA,REQUENA,LORETO,22.504513624237802,22.183330154418947,22.796617126464845,0.1533367619871312,22.536923599243163,22.27858917236328,22.679584121704103,0.6132869720458984
160507,SAQUENA,REQUENA,LORETO,22.622850440014368,22.47489204406738,22.831017303466798,0.09597083575998984,22.6022087097168,22.506883392333982,22.766202850341795,0.3561252593994141
160508,SOPLIN,REQUENA,LORETO,22.294236328125002,21.369046783447267,22.66435890197754,0.20670188139418486,22.328663635253907,22.043013229370118,22.50769920349121,1.2953121185302734
160509,TAPICHE,REQUENA,LORETO,22.455921294723733,22.208584594726563,22.63771781921387,0.11009425332426925,22.477115631103516,22.293896865844726,22.5904753112793,0.4291332244873047
160510,JENARO HERRERA,REQUENA,LORETO,22.62498779296875,22.465820693969725,22.79427719116211,0.09492888840956357,22.62437858581543,22.497716331481932,22.751127700805664,0.3284564971923828
160511,YAQUERANA,REQUENA,LORETO,22.43743588772507,21.145035171508788,22.674568557739256,0.1703621666397827,22.477532577514648,22.282715225219725,22.579496383666992,1.5295333862304688
160601,CONTAMANA,UCAYALI,LORETO,21.204777664811644,14.53840217590332,22.295165634155275,1.6516580597212556,21.89344367980957,18.449108810424807,22.168101272583005,7.756763458251953
160602,INAHUAYA,UCAYALI,LORETO,21.958749229029607,21.540098571777342,22.329092025756836,0.19244184266821848,22.0042781829834,21.685378646850584,22.115533676147457,0.7889934539794922
160603,PADRE MARQUEZ,UCAYALI,LORETO,22.091358658030064,21.748836517333984,22.36562156677246,0.13610008625836922,22.10672798156738,21.897082443237302,22.25204849243164,0.6167850494384766
160604,PAMPA HERMOSA,UCAYALI,LORETO,20.55030864197531,17.299020767211914,22.28985939025879,1.2472520724636378,20.712734603881835,18.64809371948242,22.046742935180667,4.990838623046875
160605,SARAYACU,UCAYALI,LORETO,22.281634823638615,18.39736442565918,22.693359756469725,0.4282135224014595,22.346817779541016,22.02479892730713,22.587869758605954,4.2959953308105465
160606,VARGAS GUERRA,UCAYALI,LORETO,21.908287834398674,17.948247528076173,22.476342391967773,0.6401025536798837,22.081687927246094,21.47084903717041,22.344101905822754,4.528094863891601
160701,BARRANCA,DATEM DEL MARANON,LORETO,21.269467613345288,16.143851280212402,23.132012557983398,2.0388933022991487,22.67673263549805,17.93025829315186,22.952553634643557,6.988161277770996
160702,CAHUAPANAS,DATEM DEL MARANON,LORETO,21.84501393312102,17.72413024902344,23.530098724365235,1.5560833378199888,22.55487403869629,18.89989868164062,23.027058334350585,5.805968475341797
160703,MANSERICHE,DATEM DEL MARANON,LORETO,21.828922943376067,17.96633834838867,23.061277770996092,1.2685230832819563,22.47352066040039,19.96220481872559,22.853370513916015,5.094939422607422
160704,MORONA,DATEM DEL MARANON,LORETO,23.00898028325768,20.933654403686525,23.431216430664062,0.34096196355477193,23.069301223754884,22.73032341003418,23.288159446716307,2.497562026977539
160705,PASTAZA,DATEM DEL MARANON,LORETO,22.919819599873314,22.635572052001955,23.715402603149414,0.14539834327518641,22.905751419067382,22.773786735534667,23.067358016967773,1.0798305511474608
160706,ANDOAS,DATEM DEL MARANON,LORETO,22.647351807278067,22.26665687561035,23.21410217285156,0.18086466616999577,22.6239501953125,22.406354217529298,22.88322013854981,0.947445297241211
160801,PUTUMAYO,PUTUMAYO,LORETO,22.77923931782472,22.515622329711913,23.099055099487305,0.13560682994982298,22.777009201049804,22.607328033447267,22.964200096130373,0.5834327697753906
160802,ROSA PANDURO,PUTUMAYO,LORETO,22.549683045504384,22.316102600097658,22.784229278564453,0.12378960892973692,22.553086853027345,22.37774600982666,22.718020210266115,0.4681266784667969
160803,TENIENTE MANUEL CLAVERO,PUTUMAYO,LORETO,22.46636211688702,22.315390014648436,22.650337600708006,0.06999717293156525,22.463763809204103,22.376762313842775,22.562391204833986,0.3349475860595703
160804,YAGUAS,PUTUMAYO,LORETO,23.00502794989224,22.806579208374025,23.248574829101564,0.09273170417730563,23.00037536621094,22.881057624816897,23.135063667297363,0.44199562072753906
170101,TAMBOPATA,TAMBOPATA,MADRE DE DIOS,22.038113344719353,21.285101699829102,22.67945098876953,0.30786046198718503,22.065787887573244,21.612381439208985,22.43487434387207,1.3943492889404296
170102,INAMBARI,TAMBOPATA,MADRE DE DIOS,22.309822689194277,21.025793075561523,22.699584197998046,0.2746231503388644,22.39844665527344,21.959039878845214,22.551634216308592,1.6737911224365234
170103,LAS PIEDRAS,TAMBOPATA,MADRE DE DIOS,22.002198201029692,21.5281982421875,22.439419174194335,0.18248312163007496,21.99655952453613,21.781995391845705,22.25992622375488,0.911220932006836
170104,LABERINTO,TAMBOPATA,MADRE DE DIOS,22.35570015285326,22.037931823730467,22.653691482543945,0.13257873506187526,22.36310386657715,22.185539855957032,22.528356399536133,0.6157596588134766
170201,MANU,MANU,MADRE DE DIOS,19.367765410958903,5.290030097961425,22.51336212158203,3.767230538632403,20.82154655456543,14.15213535308838,22.395338172912595,17.223332023620607
170202,FITZCARRALD,MANU,MADRE DE DIOS,21.78259993767806,13.111349105834961,22.497093963623048,1.2142050403431957,22.090915298461915,21.41496353149414,22.36222267150879,9.385744857788087
170203,MADRE DE DIOS,MANU,MADRE DE DIOS,21.65429987980769,11.947732734680176,22.695152282714844,1.5677687439179246,22.24530944824219,19.707617874145505,22.483048515319826,10.747419548034667
170204,HUEPETUHE,MANU,MADRE DE DIOS,20.866593903186274,19.249552917480468,21.8984016418457,0.6799705997503184,21.017674255371094,19.88673095703125,21.64257392883301,2.6488487243652346
170301,INAPARI,TAHUAMANU,MADRE DE DIOS,21.7920285348935,21.44393997192383,22.076001358032226,0.11967197371043377,21.800658798217775,21.622844696044922,21.9439208984375,0.6320613861083985
170302,IBERIA,TAHUAMANU,MADRE DE DIOS,21.685925847833808,21.45522575378418,21.852629470825196,0.07887668324916083,21.692275619506837,21.58390800476074,21.77594337463379,0.3974037170410156
170303,TAHUAMANU,TAHUAMANU,MADRE DE DIOS,21.737632472826085,21.504039001464843,21.928113174438476,0.10547472511334041,21.739400100708007,21.595167236328127,21.872461853027346,0.4240741729736328
180101,MOQUEGUA,MARISCAL NIETO,MOQUEGUA,12.08514270942752,4.428437423706055,15.00592918395996,1.6439224186615977,12.512177276611329,10.249659767150877,13.453805084228517,10.577491760253906
180102,CARUMAS,MARISCAL NIETO,MOQUEGUA,-3.411974711357793,-6.741667938232422,11.945493698120117,4.602472673876359,-5.224720191955567,-6.083051853179931,3.7519640731811563,18.68716163635254
180103,CUCHUMBAYA,MARISCAL NIETO,MOQUEGUA,3.2336862564086912,-2.0900939464569093,8.03164587020874,4.148879512336697,3.7595069885253904,-0.9201737594604491,7.177218093872071,10.121739816665649
180104,SAMEGUA,MARISCAL NIETO,MOQUEGUA,12.443450355529786,12.37047061920166,12.516429710388184,0.0729795455937347,12.443450355529786,12.385066528320312,12.50183380126953,0.14595909118652345
180105,SAN CRISTOBAL,MARISCAL NIETO,MOQUEGUA,0.4068477630615234,-5.307393169403076,10.312860488891602,4.415458372512883,-0.8737996101379395,-4.165255050659179,7.18245277404785,15.620253658294677
180106,TORATA,MARISCAL NIETO,MOQUEGUA,3.428558049436475,-5.82904806137085,12.939093780517577,5.525858922791217,3.755642461776733,-4.283275699615478,10.341948699951171,18.76814184188843
180107,SAN ANTONIO,MARISCAL NIETO,MOQUEGUA,13.287620275160844,11.989224052429199,14.571807670593262,0.7365295902042291,13.26201057434082,12.323465881347655,14.303378715515137,2.5825836181640627
180201,OMATE,GENERAL SANCHEZ CERRO,MOQUEGUA,4.018660593032837,-4.227725172042847,9.220283508300781,4.926055338628367,5.2204797744750975,-3.2478702020645143,9.124131641387939,13.448008680343628
180202,CHOJATA,GENERAL SANCHEZ CERRO,MOQUEGUA,-2.0814532725016273,-5.551601409912109,5.991712665557861,3.383476195170629,-3.299665117263794,-5.032760334014893,3.735905652046205,11.54331407546997
180203,COALAQUE,GENERAL SANCHEZ CERRO,MOQUEGUA,0.3267089313930936,-3.7338677883148192,6.467982769012451,3.6305550186843725,-0.799604332447052,-3.5228515529632567,5.036693630218506,10.20185055732727
180204,ICHUNA,GENERAL SANCHEZ CERRO,MOQUEGUA,-0.7926738619804382,-4.82604341506958,3.3479880332946776,2.189317989544408,-0.9780156135559082,-3.7002407169342035,1.7232391715049744,8.174031448364257
180205,LA CAPILLA,GENERAL SANCHEZ CERRO,MOQUEGUA,10.651360595703125,7.575747489929199,13.660894584655761,1.7878148304839292,10.644235801696777,8.419835910797119,12.858293914794922,6.085147094726563
180206,LLOQUE,GENERAL SANCHEZ CERRO,MOQUEGUA,-1.3571578131781683,-3.767250728607178,3.0813737392425535,2.4419816304966666,-1.46472065448761,-3.67265832901001,2.712271032333374,6.8486244678497314
180207,MATALAQUE,GENERAL SANCHEZ CERRO,MOQUEGUA,1.7516290162739,-3.6520501136779786,8.5905029296875,4.2801468564387255,2.490336561203003,-3.416506862640381,7.935114936828614,12.24255304336548
180208,PUQUINA,GENERAL SANCHEZ CERRO,MOQUEGUA,3.900422134399414,-3.1741350650787354,12.477755928039551,4.935967947341001,4.332418823242188,-2.828485517501831,10.144146919250492,15.651890993118286
180209,QUINISTAQUILLAS,GENERAL SANCHEZ CERRO,MOQUEGUA,4.655208778381348,-4.257491731643677,12.490952491760254,5.591768373529249,6.161094856262207,-2.4981130456924436,11.5495676612854,16.74844422340393
180210,UBINAS,GENERAL SANCHEZ CERRO,MOQUEGUA,-1.4302656555175781,-4.623140811920166,4.600434589385986,2.1503747580750807,-1.9419546127319336,-3.8293472337722783,1.7464408993721012,9.223575401306153
180211,YUNGA,GENERAL SANCHEZ CERRO,MOQUEGUA,1.6581925868988037,-0.28766602873802183,2.506267261505127,1.1360024265604411,2.2070845127105714,0.4119508403539659,2.4653207731246947,2.7939332902431486
180301,ILO,ILO,MOQUEGUA,15.844210815429687,14.109482383728027,17.71781005859375,1.2307059960999924,15.671589851379395,14.462324104309081,17.63122646331787,3.6083276748657225
180302,EL ALGARROBAL,ILO,MOQUEGUA,14.18482719089674,11.46422462463379,17.286405563354492,1.4138559773285306,14.120858955383301,12.89356861114502,16.342220153808594,5.822180938720703
180303,PACOCHA,ILO,MOQUEGUA,15.797515164888821,14.070278739929199,16.998664093017577,0.8516995366622673,15.96156349182129,14.57547180175781,16.868072586059572,2.928385353088379
190102,HUACHON,PASCO,PASCO,5.039067443847657,2.4002445697784425,8.423616027832031,1.5793701136555522,4.99083890914917,3.03861930847168,7.271722946166991,6.023371458053589
190103,HUARIACA,PASCO,PASCO,6.649372863769531,4.983465194702148,7.364600372314453,0.9668698528380947,7.124712753295898,5.621013345718384,7.297460203170776,2.381135177612305
190104,HUAYLLAY,PASCO,PASCO,1.1322382983039407,0.20617569088935853,3.15637469291687,0.6141119336712625,1.016874861717224,0.465327417254448,1.6982823634147644,2.9501990020275115
190105,NINACACA,PASCO,PASCO,2.4427051544189453,1.7460670709609984,4.579696464538574,0.7723180551334989,2.2030375003814697,1.7788079237937928,3.469638104438782,2.8336293935775756
190106,PALLANCHACRA,PASCO,PASCO,4.991077327728272,4.991077327728272,4.991077327728272,0.0,4.991077327728272,4.991077327728272,4.991077327728272,0.0
190107,PAUCARTAMBO,PASCO,PASCO,6.203031686636118,2.132724404335022,11.689919662475585,2.407548880608773,5.662758255004883,3.451431488990784,9.369176197052003,9.557195258140563
190108,SAN FRANCISCO DE ASIS DE YARUSYACAN,PASCO,PASCO,3.877751922607422,2.916916847229004,5.983230304718018,1.2400618536096784,3.3054303169250487,2.954215145111084,5.259146065711976,3.066313457489014
190109,SIMON BOLIVAR,PASCO,PASCO,1.7441666312839672,0.9278606653213501,2.353297758102417,0.39185168317332086,1.733153223991394,1.2698051023483277,2.2206042480468744,1.425437092781067
190110,TICLACAYAN,PASCO,PASCO,3.5857945981233015,2.5160412788391113,5.9275146484375,0.9976333960517334,3.269771671295166,2.6236816215515137,5.239586048126221,3.4114733695983888
190111,TINYAHUARCO,PASCO,PASCO,2.2753374576568604,2.0697569847106934,2.4898548126220703,0.187805439623678,2.2708689689636232,2.081472601890564,2.4727770376205442,0.42009782791137695
190112,VICCO,PASCO,PASCO,2.317374153137207,1.883958649635315,3.1385755062103273,0.4296301570634652,2.185935306549072,1.9779208230972287,2.786960191726684,1.2546168565750122
190113,YANACANCHA,PASCO,PASCO,3.3872605641682947,2.207030487060547,5.162551498413086,1.0782462321043478,3.2314746379852295,2.3351489305496216,4.595158576965332,2.955521011352539
190201,YANAHUANCA,DANIEL ALCIDES CARRION,PASCO,2.568507080078125,1.0359875798225402,4.860600376129151,1.0138610271069246,2.44169020652771,1.3427473163604737,4.141285514831544,3.82461279630661
190202,CHACAYAN,DANIEL ALCIDES CARRION,PASCO,5.568477630615234,2.804301071166992,7.489402961730957,1.8639213592894968,5.990103435516358,3.4446705913543694,7.354984378814697,4.685101890563965
190203,GOYLLARISQUIZGA,DANIEL ALCIDES CARRION,PASCO,5.785416793823242,5.785416793823242,5.785416793823242,0.0,5.785416793823242,5.785416793823242,5.785416793823242,0.0
190204,PAUCAR,DANIEL ALCIDES CARRION,PASCO,5.9004847526550295,3.9194165229797364,8.87760524749756,1.9951591717249841,5.402458667755127,4.019749851226807,8.179640617370605,4.958188724517822
190205,SAN PEDRO DE PILLAO,DANIEL ALCIDES CARRION,PASCO,3.1442715644836428,2.7040223121643066,3.584520864486694,0.44024927616120363,3.1442715644836428,2.792072167396545,3.4964710092544555,0.8804985523223877
190206,SANTA ANA DE TUSI,DANIEL ALCIDES CARRION,PASCO,4.564685211181641,2.7151724815368654,7.259101867675781,1.293523685034171,4.304411697387695,3.3885789489746094,6.02165877342224,4.543929386138916
190207,TAPUC,DANIEL ALCIDES CARRION,PASCO,5.775714969635009,5.775714969635009,5.775714969635009,0.0,5.775714969635009,5.775714969635009,5.775714969635009,0.0
190208,VILCABAMBA,DANIEL ALCIDES CARRION,PASCO,4.309310054779052,3.003541421890259,6.432735919952393,1.3364500138566,3.9004815578460694,3.10886697769165,5.836816024780274,3.4291944980621336
190301,OXAPAMPA,OXAPAMPA,PASCO,12.693205954811791,11.399390411376952,15.71771697998047,1.1448693624717987,12.246881484985352,11.702220726013184,13.465927124023438,4.318326568603515
190302,CHONTABAMBA,OXAPAMPA,PASCO,10.401496015276228,6.30821123123169,12.954101181030273,1.8284730999976433,10.984611129760742,7.849228830337525,11.958687438964844,6.645889949798584
190303,HUANCABAMBA,OXAPAMPA,PASCO,9.571897536057692,5.073858833312988,13.696257781982421,2.2914294599057046,9.902195167541503,6.5199053192138665,12.345956077575686,8.622398948669433
190304,PALCAZU,OXAPAMPA,PASCO,19.03000724546371,10.358535385131836,21.614273834228516,2.941504999563654,20.33317413330078,14.351953125,21.366937561035154,11.255738449096679
190305,POZUZO,OXAPAMPA,PASCO,13.878780573064631,10.429586410522461,16.46612968444824,1.815903145755032,14.30896224975586,11.660859031677246,16.23827003479004,6.036543273925782
190306,PUERTO BERMUDEZ,OXAPAMPA,PASCO,19.061443851500986,15.560115432739257,21.76632308959961,1.7535149332101718,18.86931610107422,16.88459846496582,21.483125801086423,6.206207656860352
190307,VILLA RICA,OXAPAMPA,PASCO,16.287813895089286,12.646857452392577,19.70656547546387,2.006276560454433,16.24524688720703,13.01378204345703,19.018923149108886,7.059708023071289
190308,CONSTITUCION,OXAPAMPA,PASCO,20.408746277459777,14.82894058227539,22.032959365844725,1.7340390325424972,21.32850799560547,17.655851745605467,21.76865005493164,7.204018783569336
200101,PIURA,PIURA,PIURA,20.04649963378906,19.978918075561523,20.169055557250978,0.06952755222279436,20.01244125366211,19.98604652404785,20.131571731567384,0.19013748168945313
200104,CASTILLA,PIURA,PIURA,19.958071899414065,19.565061569213867,20.246749114990234,0.19748138573211954,20.02931022644043,19.682602729797363,20.15684925079346,0.6816875457763671
200105,CATACAOS,PIURA,PIURA,19.326097954644098,18.93154983520508,20.08892936706543,0.25723535904983064,19.27744903564453,19.045774116516114,19.66668155670166,1.1573795318603515
200107,CURA MORI,PIURA,PIURA,19.73816179547991,19.572730255126952,19.96555061340332,0.12110084771403702,19.71496162414551,19.61985908508301,19.887353363037107,0.3928203582763672
200108,EL TALLAN,PIURA,PIURA,19.78803482055664,19.67354965209961,19.94475212097168,0.10534985464025162,19.766918182373047,19.68589096069336,19.907071418762207,0.27120246887207033
200109,LA ARENA,PIURA,PIURA,19.812001546223957,19.68036460876465,19.977886581420897,0.10041842530305697,19.7957763671875,19.710794830322264,19.92943344116211,0.29752197265625
200110,LA UNION,PIURA,PIURA,19.60600246853299,18.93373031616211,20.005583572387696,0.32994248416287475,19.66213264465332,19.1374739074707,19.93088447570801,1.071853256225586
200111,LAS LOMAS,PIURA,PIURA,19.918516138980262,18.622008514404296,20.504172134399415,0.5234308772371229,20.0483699798584,19.151098251342773,20.4704825592041,1.8821636199951173
200114,TAMBO GRANDE,PIURA,PIURA,20.081437988281248,19.097197341918946,20.41395835876465,0.2489269078274769,20.14296875,19.777668647766113,20.31341079711914,1.3167610168457031
200115,VEINTISEIS DE OCTUBRE,PIURA,PIURA,19.847286224365234,19.808518600463866,19.886053466796874,0.0387674331681996,19.847286224365234,19.81627208709717,19.878299980163575,0.07753486633300781
200201,AYABACA,AYABACA,PIURA,15.02087834676107,9.185198402404785,18.525628662109376,2.0763326589260926,15.330721473693847,12.511903190612793,17.857304306030276,9.34043025970459
200202,FRIAS,AYABACA,PIURA,14.918856811523437,9.93111629486084,18.873111724853516,2.979612812623837,15.786112785339355,10.132033081054688,18.303331909179683,8.941995429992676
200203,JILILI,AYABACA,PIURA,18.032775115966796,16.51658821105957,18.990467834472657,0.9200182117463387,18.31202278137207,17.030881690979005,18.8112712097168,2.4738796234130858
200204,LAGUNAS,AYABACA,PIURA,14.312662833077567,10.478095817565919,16.40266361236572,1.9536006427476735,14.453180122375489,11.864629707336427,16.361584243774413,5.924567794799804
200205,MONTERO,AYABACA,PIURA,17.311869049072264,15.882775688171387,18.80890312194824,1.2091747949222893,17.277898025512695,16.036139392852782,18.614774589538577,2.9261274337768555
200206,PACAIPAMPA,AYABACA,PIURA,13.61612548828125,9.360115051269531,17.21391181945801,2.349276344655063,14.00286808013916,10.279885864257812,16.26625825881958,7.853796768188476
200207,PAIMAS,AYABACA,PIURA,18.922575378417967,17.855057525634766,20.028691864013673,0.7264268148645242,19.007645416259766,18.066497344970706,19.813608169555664,2.173634338378906
200208,SAPILLICA,AYABACA,PIURA,16.404846530490452,11.670036315917969,18.007840728759767,1.86163685098607,16.881760025024413,14.806199493408204,17.949754180908204,6.3378044128417965
200209,SICCHEZ,AYABACA,PIURA,17.23326873779297,17.23326873779297,17.23326873779297,0.0,17.23326873779297,17.23326873779297,17.23326873779297,0.0
200210,SUYO,AYABACA,PIURA,19.99596435546875,17.157260513305665,20.72969627380371,0.7114528706721379,20.23320083618164,19.07009635925293,20.600108184814452,3.572435760498047
200301,HUANCABAMBA,HUANCABAMBA,PIURA,10.98292236328125,8.777865982055664,14.118696403503417,1.2648326064990667,11.117589569091797,9.59571189880371,12.021089553833008,5.3408304214477536
200302,CANCHAQUE,HUANCABAMBA,PIURA,16.326428985595705,11.1487060546875,18.861226654052736,2.248689907255421,16.23192138671875,14.485634899139404,18.61632064819336,7.712520599365234
200303,EL CARMEN DE LA FRONTERA,HUANCABAMBA,PIURA,10.717180233909971,8.25155324935913,15.371717262268067,1.953513985218514,10.19490909576416,8.78607120513916,13.711709213256835,7.120164012908935
200304,HUARMACA,HUANCABAMBA,PIURA,15.344193458557129,11.001312828063964,19.156867599487306,2.4172902786139305,15.077204132080078,12.10699499130249,18.375266990661622,8.15555477142334
200305,LALAQUIZ,HUANCABAMBA,PIURA,16.041810913085936,13.009297943115234,17.95132713317871,1.7018452220789595,16.361225128173828,14.071425170898436,17.659831314086915,4.942029190063477
200306,SAN MIGUEL DE EL FAIQUE,HUANCABAMBA,PIURA,16.458132934570312,9.951606369018554,20.07346878051758,3.2823899260226597,17.246675872802733,12.574001903533937,19.890378341674804,10.121862411499023
200307,SONDOR,HUANCABAMBA,PIURA,12.971363414417613,10.75137119293213,14.629776191711425,1.1048657433729072,13.104019355773925,11.078021621704101,14.092333221435547,3.878404998779297
200308,SONDORILLO,HUANCABAMBA,PIURA,10.954813130696614,8.828521728515625,12.839085388183594,1.2204259751726352,10.96796817779541,9.668488216400146,12.227983093261718,4.010563659667969
200401,CHULUCANAS,MORROPON,PIURA,19.490281394675925,17.88967933654785,19.971978759765626,0.3911417866835125,19.54102325439453,19.236416931152345,19.848930892944335,2.0822994232177736
200402,BUENOS AIRES,MORROPON,PIURA,19.45589158799913,19.30189208984375,19.753468704223632,0.12800996283192329,19.444655990600587,19.340845947265624,19.562286148071287,0.45157661437988283
200403,CHALACO,MORROPON,PIURA,13.596452941894531,11.095213890075684,16.341529083251952,1.7998848940930041,13.819835472106934,11.578313331604004,15.574006500244142,5.24631519317627
200404,LA MATANZA,MORROPON,PIURA,19.365575062144885,19.068452453613283,19.619793701171876,0.13593717248962234,19.400025939941408,19.15073539733887,19.50739860534668,0.5513412475585937
200405,MORROPON,MORROPON,PIURA,19.297835431780136,18.54336814880371,19.679863739013673,0.3816625884672753,19.44266471862793,18.773437423706056,19.638348464965823,1.136495590209961
200406,SALITRAL,MORROPON,PIURA,18.98906057257401,18.02669334411621,19.859003448486327,0.5588106162599422,19.03773078918457,18.253000564575196,19.77865531921387,1.832310104370117
200407,SAN JUAN DE BIGOTE,MORROPON,PIURA,19.485030364990234,18.343543243408202,20.173027801513673,0.6065318470633889,19.605200576782227,18.67002975463867,20.084854888916016,1.8294845581054688
200408,SANTA CATALINA DE MOSSA,MORROPON,PIURA,17.603240966796875,16.41331729888916,19.228085327148438,1.0442385184270775,17.38578109741211,16.60766447067261,18.772785911560057,2.8147680282592775
200409,SANTO DOMINGO,MORROPON,PIURA,14.797465209960938,11.30179386138916,18.010704040527344,2.2243469707557475,15.069490432739258,12.29038806915283,17.139246826171878,6.708910179138184
200410,YAMANGO,MORROPON,PIURA,15.47827845982143,10.88692569732666,18.834352111816408,3.0376108543108726,16.998965454101562,11.352711791992187,18.761441574096683,7.947426414489746
200501,PAITA,PAITA,PIURA,19.454971036044036,19.007717514038085,19.958989715576173,0.26031991022257045,19.360655212402342,19.204004096984864,19.87889965057373,0.9512722015380859
200502,AMOTAPE,PAITA,PIURA,19.929505920410158,19.892496871948243,19.966515731811523,0.03700942993860147,19.929505920410158,19.89989875793457,19.959113845825197,0.07401885986328124
200504,COLAN,PAITA,PIURA,19.77780113220215,19.687080001831056,19.85457077026367,0.07094085016451758,19.784778213500978,19.70021770477295,19.84980464935303,0.16749076843261718
200505,LA HUACA,PAITA,PIURA,19.830962844122023,19.12156982421875,20.247887420654298,0.29960942807631485,19.89534149169922,19.41033592224121,20.154942321777344,1.126317596435547
200506,TAMARINDO,PAITA,PIURA,20.052492523193358,20.022161102294923,20.082823181152342,0.03033103943521267,20.052492523193358,20.028227310180664,20.0767569732666,0.06066207885742188
200507,VICHAYAL,PAITA,PIURA,19.933560943603517,19.753489685058593,20.207389450073244,0.14676075843366446,19.91269645690918,19.78237113952637,20.105617713928222,0.45389976501464846
200601,SULLANA,SULLANA,PIURA,20.20265359317555,19.77816848754883,20.44141540527344,0.17024336775254983,20.22431297302246,20.000731430053712,20.380071563720705,0.6632469177246094
200603,IGNACIO ESCUDERO,SULLANA,PIURA,20.077509416852678,19.90954170227051,20.263348388671876,0.10560506142474362,20.085436630249024,19.95205307006836,20.18155517578125,0.3538066864013672
200604,LANCONES,SULLANA,PIURA,19.930030992296004,17.74910659790039,20.79119987487793,0.7936264915077325,20.20043182373047,18.56485248565674,20.68177688598633,3.042093276977539
200605,MARCAVELICA,SULLANA,PIURA,19.909771613354952,18.11914176940918,21.059524536132812,0.6101943133872169,20.062926864624025,19.12960090637207,20.4977108001709,2.9403827667236326
200606,MIGUEL CHECA,SULLANA,PIURA,19.989078776041666,19.51933174133301,20.29620704650879,0.23405369711018506,20.02126121520996,19.650686874389645,20.240570068359375,0.7768753051757813
200607,QUERECOTILLO,SULLANA,PIURA,20.083675231933594,19.654186630249022,20.51075210571289,0.30884666748535616,20.054729080200197,19.710223083496096,20.46284519195557,0.8565654754638672
200701,PARINAS,TALARA,PIURA,20.14285505022321,19.01898536682129,20.619516372680664,0.39376032589098175,20.25844497680664,19.61452423095703,20.4830330657959,1.600531005859375
200702,EL ALTO,TALARA,PIURA,20.374307686941965,20.169461059570313,20.71431999206543,0.1379754216216818,20.362170791625978,20.220491065979,20.532974548339844,0.5448589324951172
200703,LA BREA,TALARA,PIURA,19.796992375300484,18.78931427001953,20.37244987487793,0.37426302757297786,19.78476753234863,19.393591117858886,20.258353614807127,1.5831356048583984
200704,LOBITOS,TALARA,PIURA,20.481024424235024,20.308558654785156,20.65353126525879,0.1274848611497899,20.477883911132814,20.331638526916503,20.633551597595215,0.3449726104736328
200705,LOS ORGANOS,TALARA,PIURA,20.956383841378347,20.607357788085938,21.19869194030762,0.21539396927910817,21.037617492675782,20.639484100341797,21.16671920776367,0.5913341522216797
200706,MANCORA,TALARA,PIURA,21.270442962646484,21.007445526123046,21.411196899414062,0.15680013249157038,21.331565856933594,21.09715461730957,21.39483436584473,0.4037513732910156
200801,SECHURA,SECHURA,PIURA,19.29260399070946,18.01374282836914,20.351902389526366,0.4222261131055435,19.322244262695314,18.751433639526365,19.809754409790038,2.3381595611572266
200802,BELLAVISTA DE LA UNION,SECHURA,PIURA,20.039675140380858,20.039675140380858,20.039675140380858,0.0,20.039675140380858,20.039675140380858,20.039675140380858,0.0
200803,BERNAL,SECHURA,PIURA,19.91868667602539,19.801155471801756,20.007204437255858,0.07742556934156164,19.933192825317384,19.83369674682617,19.992070999145508,0.20604896545410156
200804,CRISTO NOS VALGA,SECHURA,PIURA,19.69450798034668,19.45813407897949,19.96811180114746,0.17263605600735896,19.662857818603516,19.500158004760742,19.9479997253418,0.5099777221679688
200805,VICE,SECHURA,PIURA,19.653351266043526,19.20061683654785,20.06069221496582,0.3127833444860028,19.583761596679686,19.262650451660157,20.010139770507813,0.8600753784179688
210101,PUNO,PUNO,PUNO,1.0887916711660532,-1.5070811748504638,5.995865058898926,1.868067991121158,0.9802718162536621,-0.6598560845851897,3.2632838201522842,7.502946233749389
210102,ACORA,PUNO,PUNO,-1.0014164664528586,-5.3010663986206055,5.221739196777344,2.377655186930068,-1.365239143371582,-3.84311306476593,2.606979155540466,10.52280559539795
210103,AMANTANI,PUNO,PUNO,5.009556865692138,5.009556865692138,5.009556865692138,0.0,5.009556865692138,5.009556865692138,5.009556865692138,0.0
210104,ATUNCOLLA,PUNO,PUNO,1.153920857111613,0.9475255608558655,1.4548757076263428,0.21882927405400504,1.0593613505363464,0.9698927187919617,1.3757728362083435,0.5073501467704773
210105,CAPACHICA,PUNO,PUNO,2.0520214398701984,1.1325605034828186,3.843361568450928,1.2668512208158278,1.1801422119140625,1.1420768451690673,3.310717697143555,2.710801064968109
210106,CHUCUITO,PUNO,PUNO,2.230971622467041,-0.05023811496794224,4.381793212890625,1.5685772063648922,2.2961658477783202,0.6494152143970132,3.7603728771209717,4.432031327858567
210107,COATA,PUNO,PUNO,0.5344936460256576,0.05215555727481842,1.0168317317962647,0.48233808726072336,0.5344936460256576,0.14862317472696301,0.9203641143441199,0.9646761745214463
210108,HUATA,PUNO,PUNO,0.004336926341056824,-0.1343664512038231,0.12109046578407287,0.09287881308137667,0.015311843901872634,-0.09482089921824807,0.0947148145735264,0.25545691698789597
210109,MANAZO,PUNO,PUNO,-0.516887774834266,-2.1508427619934083,1.6743209838867188,1.277864844349682,-0.7074243545532226,-1.877481207847595,1.5102443742752076,3.825163745880127
210110,PAUCARCOLLA,PUNO,PUNO,1.3196611404418945,-0.13671609610319138,2.3684757232666014,0.872207742915211,1.573900008201599,0.17898325845599175,2.2061001896858214,2.505191819369793
210111,PICHACANI,PUNO,PUNO,-2.5657123357599434,-5.153212070465088,-0.08241060134023429,1.455641943746505,-2.030756115913391,-4.5653524017333975,-0.9267210149765015,5.070801469124854
210112,PLATERIA,PUNO,PUNO,1.2564225435256957,-1.398410701751709,4.647493171691894,2.1397692955218472,0.8360189199447632,-0.976734561920166,4.494542675018311,6.045903873443604
210113,SAN ANTONIO,PUNO,PUNO,-2.5374190990741434,-3.2860925674438475,-0.7578062295913697,0.7190022680030246,-2.741345977783203,-3.223136854171753,-1.604241380691528,2.528286337852478
210114,TIQUILLACA,PUNO,PUNO,-0.5282307793112363,-3.1790870666503905,4.217839241027832,1.919982707269505,-1.050993227958679,-2.7240715694427493,1.2663697099685671,7.396926307678223
210115,VILQUE,PUNO,PUNO,0.9906247275216238,-0.11523792929947377,1.6248579978942872,0.5145628466829605,1.0804365634918214,0.44997827693820003,1.4575066375732422,1.7400959271937608
210201,AZANGARO,AZANGARO,PUNO,0.9542820930480957,-0.31152179539203645,1.736916756629944,0.5272730165934272,1.0792725324630736,0.29189492449164395,1.5465509724617004,2.04843855202198
210202,ACHAYA,AZANGARO,PUNO,0.7349988317489624,0.49484539926052096,1.0224773168563843,0.22606628252632005,0.6090660154819488,0.5191058713197708,1.0107299184799197,0.5276319175958634
210203,ARAPA,AZANGARO,PUNO,0.6623151432384144,-0.7358882665634155,1.9587624549865723,0.7512848703776984,0.892138135433197,-0.22910388484597205,1.4452075719833375,2.694650721549988
210204,ASILLO,AZANGARO,PUNO,1.2666299673227164,0.23399629890918733,2.3898464679718017,0.6981399775126443,1.4350504875183105,0.3059111328423023,2.0586426448822026,2.1558501690626146
210205,CAMINACA,AZANGARO,PUNO,0.7231775601704915,0.5320632994174957,0.9273285388946533,0.12876937108613667,0.7148804306983948,0.580277344584465,0.8743749022483825,0.3952652394771576
210206,CHUPA,AZANGARO,PUNO,1.31334753036499,0.8003697752952575,2.734637641906738,0.7370200987789547,0.8667992353439331,0.8130521559715271,2.1739246940612795,1.9342678666114808
210207,JOSE DOMINGO CHOQUEHUANCA,AZANGARO,PUNO,0.27164852917194365,0.17239803969860076,0.37089902758598325,0.09925049394369183,0.27164852917194365,0.19224813848733904,0.35104892879724503,0.19850098788738252
210208,MUNANI,AZANGARO,PUNO,-1.0239094345657913,-3.661093282699585,2.027197790145874,2.006728897332062,-1.3492308139801026,-3.2945865631103515,1.584346075057984,5.688291072845459
210209,POTONI,AZANGARO,PUNO,-2.0035357599673063,-3.2952120780944822,-0.9922319531440735,0.6040241702162161,-2.0411113023757936,-2.6856831836700437,-1.098088517189026,2.302980124950409
210210,SAMAN,AZANGARO,PUNO,1.6244964440663654,0.7337578654289245,2.6630144119262695,0.7279404834607852,1.5395097970962524,0.8356157660484314,2.498363661766052,1.929256546497345
210211,SAN ANTON,AZANGARO,PUNO,-0.8348754434024587,-2.726016616821289,1.4555550336837768,1.2200404834366874,-1.1575727224349976,-2.324348230361939,0.867351123094559,4.181571650505066
210212,SAN JOSE,AZANGARO,PUNO,-0.4184215875772329,-3.3143169403076174,1.6739229202270507,1.5916295401644995,0.012630316242575646,-2.891492328643799,1.4625647497177128,4.988239860534668
210213,SAN JUAN DE SALINAS,AZANGARO,PUNO,1.4233312249183654,1.0273210048675536,1.7811658382415771,0.2737645393037359,1.4424190044403076,1.1330631077289581,1.6983290815353391,0.7538448333740234
210214,SANTIAGO DE PUPUJA,AZANGARO,PUNO,0.21710509777069092,0.02527768909931183,0.4736861169338226,0.1485673068122474,0.16736066341400146,0.06384878462180495,0.4331772271543741,0.4484084278345108
210215,TIRAPATA,AZANGARO,PUNO,0.20275589397975374,0.008031564205884934,0.5947216302156448,0.1903055271611637,0.11057763546705246,0.03553766638040543,0.41473161518573776,0.5866900660097599
210301,MACUSANI,CARABAYA,PUNO,-2.6082854240171374,-4.070892810821533,-0.38033331632614137,0.9201823359140195,-2.781427812576294,-3.7488229274749756,-1.235604965686798,3.6905594944953917
210302,AJOYANI,CARABAYA,PUNO,-3.141027245154748,-3.920216941833496,-1.7702289819717407,0.6510074124213816,-3.2993984699249266,-3.7416414833068843,-2.0644315624237057,2.1499879598617553
210303,AYAPATA,CARABAYA,PUNO,13.904031930842871,-3.1131712913513185,21.679247665405274,7.462536309916748,16.582891082763673,1.6788177251815797,20.82082748413086,24.792418956756592
210304,COASA,CARABAYA,PUNO,14.4451416015625,-3.122201108932495,22.094097137451172,7.8988817880920354,17.642276000976562,1.1888344049453736,21.329128646850585,25.216298246383666
210305,CORANI,CARABAYA,PUNO,-2.956277419581558,-5.743112277984619,-0.005565003678202629,1.5125049840498437,-2.828926181793213,-4.697815208435059,-1.0000009393692013,5.737547274306417
210306,CRUCERO,CARABAYA,PUNO,-2.4626775614420575,-3.1820488452911375,-1.3307408332824706,0.4728024489297226,-2.3913015842437746,-3.086061034202576,-1.8358414196968078,1.851308012008667
210307,ITUATA,CARABAYA,PUNO,4.8542571311773255,-2.9616720199584963,16.426402282714843,5.543790191789226,2.2232895374298094,-1.1123159122467041,12.601118774414065,19.38807430267334
210308,OLLACHEA,CARABAYA,PUNO,2.2864133300781253,-2.0068608283996583,10.667279815673828,2.9814756515981413,1.465542697906494,-0.7929764938354491,6.022619571685792,12.674140644073486
210309,SAN GABAN,CARABAYA,PUNO,14.877300229279893,6.238627243041992,19.61510810852051,3.698605901340772,15.357941246032714,10.636168975830078,18.932015686035157,13.376480865478516
210310,USICAYOS,CARABAYA,PUNO,-0.14638292893119478,-3.225559616088867,4.119818258285522,1.922290683268774,-0.3036604091525078,-2.7117999458312987,2.0764135694503785,7.34537787437439
210401,JULI,CHUCUITO,PUNO,-0.3443399323357476,-1.5188222646713256,3.217053747177124,1.2146150979471682,-0.8447685241699219,-1.3049054813385008,1.5846150970458983,4.7358760118484495
210402,DESAGUADERO,CHUCUITO,PUNO,-0.21370192646980285,-1.7286554813385009,0.6447639524936676,0.8345647448404921,-0.07297536531696096,-1.173469933271408,0.5584779334068299,2.3734194338321686
210403,HUACULLANI,CHUCUITO,PUNO,-1.9240907578241255,-3.340045213699341,-0.7118077754974366,0.7750263527896142,-1.7722641229629517,-3.0879313468933107,-1.072809374332428,2.6282374382019045
210404,KELLUYO,CHUCUITO,PUNO,-1.3415794821346505,-2.4704920768737795,-0.7113324284553528,0.46266222833662674,-1.2685494661331176,-1.9805710363388063,-0.8844197821617126,1.7591596484184264
210405,PISACOMA,CHUCUITO,PUNO,-3.2487246889056585,-5.430039596557617,-0.509984815120697,1.4475254191783749,-3.6382609367370606,-4.733944263458252,-1.24353168964386,4.92005478143692
210406,POMATA,CHUCUITO,PUNO,0.20666163884676422,-2.039354395866394,4.898194599151611,1.930578781347021,0.004964474961161614,-1.7375317907333376,2.942242228984835,6.937548995018005
210407,ZEPITA,CHUCUITO,PUNO,-0.34799259587338094,-1.1535077810287475,0.7002982258796692,0.4473997431476576,-0.29111661314964293,-0.9459588408470154,0.07042775124311443,1.8538060069084168
210501,ILAVE,EL COLLAO,PUNO,-0.21798374993460518,-3.92885160446167,1.972137188911438,1.5496324036485436,-0.12603302150964737,-2.3575709915161136,1.697591643333435,5.9009887933731076
210502,CAPAZO,EL COLLAO,PUNO,-5.191071134000211,-7.581089019775391,-3.1280566215515138,1.0769784968734604,-5.380241107940674,-6.4626530838012695,-3.7998731803894046,4.453032398223877
210503,PILCUYO,EL COLLAO,PUNO,1.3307835896809894,0.9473914980888367,2.299713706970215,0.4669556889063443,1.1460102796554565,0.971454131603241,1.8748862862586975,1.3523222088813782
210504,SANTA ROSA,EL COLLAO,PUNO,-4.86188007701527,-8.802113437652588,-2.359419894218445,1.636157010194394,-4.413092231750488,-7.366393060684205,-3.019663805961609,6.442693543434143
210505,CONDURIRI,EL COLLAO,PUNO,-2.4478748180248124,-3.8208163738250733,-0.6650326311588287,0.8204468636972931,-2.4822725296020507,-3.509105653762817,-1.431901650428772,3.1557837426662445
210601,HUANCANE,HUANCANE,PUNO,0.6140855642465445,-0.33416454792022704,2.1242433309555055,0.5641043951951851,0.5384590864181519,0.10947146028280264,1.0740275025367738,2.4584078788757324
210602,COJATA,HUANCANE,PUNO,-2.5731464131673176,-3.562229776382446,-1.4800612449645996,0.5091373592169106,-2.5352592945098875,-3.253780355453491,-2.073897104263305,2.082168531417847
210603,HUATASANI,HUANCANE,PUNO,0.36169645339250567,0.36169645339250567,0.36169645339250567,0.0,0.36169645339250567,0.36169645339250567,0.36169645339250567,0.0
210604,INCHUPALLA,HUANCANE,PUNO,-0.005011398142034359,-1.915067481994629,0.8976515650749206,0.8935794658572348,0.47145880162715914,-1.4718918561935426,0.6388108253479003,2.8127190470695496
210605,PUSI,HUANCANE,PUNO,0.6159045378367106,0.215271258354187,1.0382909059524537,0.3031745214715106,0.5014257580041885,0.32453281469643114,1.0217550277709961,0.8230196475982666
210606,ROSASPATA,HUANCANE,PUNO,0.24456151485443112,-0.9161980271339416,1.0639728307724,0.6831017126637842,0.38467031717300415,-0.8573567771911621,0.9752761268615722,1.9801708579063415
210607,TARACO,HUANCANE,PUNO,0.9249037878853933,0.33157660961151125,1.2946420311927795,0.29960903605489764,0.9691550254821777,0.5821250081062317,1.2419268822669982,0.9630654215812683
210608,VILQUE CHICO,HUANCANE,PUNO,0.11125792335061468,-0.9285029649734498,0.7099563121795655,0.5553949925429895,0.26187939643859864,-0.8084517037868502,0.6702456367015839,1.638459277153015
210701,LAMPA,LAMPA,PUNO,-0.45441580648007596,-3.9782145977020265,0.7701965153217316,1.2058348679718702,-0.02670340910553932,-2.275221676826477,0.5475707411766052,4.748411113023758
210702,CABANILLA,LAMPA,PUNO,-0.288942418495814,-2.893698310852051,1.6816344022750855,1.5178894348487577,0.09972374141216278,-2.479747216701508,1.18995924949646,4.575332713127136
210703,CALAPUJA,LAMPA,PUNO,0.9214160442352295,0.7953826069831849,1.0496037006378174,0.09943234304655144,0.9203389406204223,0.8159246408939362,1.0277691388130188,0.2542210936546326
210704,NICASIO,LAMPA,PUNO,0.39540274143218995,-0.012588484585285187,0.8199108004570007,0.27846428004636803,0.33137575536966324,0.10676995068788528,0.7129496717453003,0.8324992850422859
210705,OCUVIRI,LAMPA,PUNO,-2.8128282674153646,-4.3362689971923825,-0.5796157062053681,0.9939014713830833,-2.84874906539917,-3.932226152420044,-1.4519876623153685,3.756653290987015
210706,PALCA,LAMPA,PUNO,-2.4308231353759764,-4.5733771324157715,-0.5443983197212219,1.3375349781320258,-2.5439443588256836,-4.207867884635926,-0.712911120057106,4.028978812694549
210707,PARATIA,LAMPA,PUNO,-4.094574913611779,-4.812941932678223,-2.8039880752563477,0.5308086617305452,-4.142959690093994,-4.719643259048462,-3.3575675249099732,2.008953857421875
210708,PUCARA,LAMPA,PUNO,-0.5488627009921604,-1.6727835416793824,0.425114955380559,0.6198681349162166,-0.3879030853509903,-1.3454807090759275,0.10958432272076617,2.0978984970599415
210709,SANTA LUCIA,LAMPA,PUNO,-3.0639498675311048,-5.027072620391846,3.767694425582886,1.6167953241647655,-3.3561738967895507,-4.513253993988037,-1.5938931918144221,8.794767045974732
210710,VILAVILA,LAMPA,PUNO,-2.5291197586059573,-3.438950538635254,-1.3706635236740112,0.6999189668677482,-2.612527942657471,-3.251887111663818,-1.7232641267776487,2.0682870149612427
210801,AYAVIRI,MELGAR,PUNO,-0.9326974378313336,-3.292665433883667,0.22509460747241974,0.8357499894919623,-0.756721842288971,-2.3200902748107906,-0.21731146559119222,3.5177600413560866
210802,ANTAUTA,MELGAR,PUNO,-2.140442117055257,-3.684083890914917,0.6045753479003906,1.1543710783113248,-2.4203888893127443,-3.402618231773377,-0.3489761596918108,4.288659238815308
210803,CUPI,MELGAR,PUNO,-0.635761300722758,-1.8553168535232545,0.2687474608421326,0.8052179974214904,-0.38677135705947874,-1.6702249646186829,0.14971237294375897,2.124064314365387
210804,LLALLI,MELGAR,PUNO,-0.8539477666219074,-1.412173318862915,0.252522998303175,0.5623590163104313,-1.0107757568359375,-1.3709651470184325,-0.18010239638388156,1.66469631716609
210805,MACARI,MELGAR,PUNO,-0.9373472929000852,-1.9029478073120116,0.3061726033687592,0.6633753647801746,-0.8880582451820374,-1.735605890750885,0.02598295591771598,2.2091204106807707
210806,NUNOA,MELGAR,PUNO,-2.1493655957673727,-4.670288753509522,0.8471662521362304,1.553351426881774,-2.286595678329468,-4.0914021015167235,0.18470845147967338,5.517455005645752
210807,ORURILLO,MELGAR,PUNO,0.7688668764554538,-0.7845862567424774,2.3170507669448854,0.9373813658424016,0.6097926378250123,-0.30264745794236664,1.9251298427581787,3.1016370236873625
210808,SANTA ROSA,MELGAR,PUNO,-1.4511737976074217,-4.135734605789184,-0.512983551621437,0.9351753479387515,-1.1314862370491028,-2.633344583511353,-0.6027798217535019,3.6227510541677477
210809,UMACHIRI,MELGAR,PUNO,-1.242458123427171,-1.8939068794250489,-0.24074341729283333,0.5053776433730508,-1.0652864456176758,-1.8099439048767088,-0.7588335657119749,1.6531634621322155
210901,MOHO,MOHO,PUNO,0.6900002903408474,-0.580571049451828,3.1603432178497313,1.0031863270666561,0.4363887369632721,-0.19747630738653243,2.2824494314193733,3.7409142673015596
210902,CONIMA,MOHO,PUNO,0.7638684272766113,-0.4314176619052887,1.9591545581817627,1.195286110043526,0.7638684272766113,-0.19236043989658355,1.7200973361730576,2.3905722200870514
210903,HUAYRAPATA,MOHO,PUNO,-1.1264725171602687,-2.6857585430145265,0.13908960483968258,0.8784021139713282,-1.2751687288284301,-2.124090714454651,0.036737381741404555,2.824848147854209
210904,TILALI,MOHO,PUNO,2.9772670745849608,1.2871737718582152,4.667360496520996,1.6900933623313918,2.9772670745849608,1.6251924443244934,4.329341824054719,3.3801867246627806
211001,PUTINA,SAN ANTONIO DE PUTINA,PUNO,-1.4961920121136836,-3.5925214290618896,1.1806139469146728,1.6377605643478492,-1.99576416015625,-3.4242063045501707,0.5118506559729575,4.773135375976563
211002,ANANEA,SAN ANTONIO DE PUTINA,PUNO,-2.881736135482788,-4.682203102111816,-1.459652853012085,0.7904563094098063,-2.867892360687256,-3.8160807323455805,-1.8577706575393673,3.2225502490997315
211003,PEDRO VILCA APAZA,SAN ANTONIO DE PUTINA,PUNO,-0.7240481058756509,-2.532978057861328,0.45407329499721527,0.9687447629991637,-0.47066585421562196,-1.8753748655319213,0.1738963605836034,2.9870513528585434
211004,QUILCAPUNCU,SAN ANTONIO DE PUTINA,PUNO,-0.9174798250198364,-2.622509813308716,0.7058063924312592,1.0744269523909034,-1.1114838480949403,-2.345366024971008,0.5478027373552322,3.328316205739975
211005,SINA,SAN ANTONIO DE PUTINA,PUNO,1.9579692616182214,-5.131167888641357,10.869944381713868,4.154442519576409,0.9160511255264282,-2.4619173049926757,7.32243637084961,16.001112270355225
211101,JULIACA,SAN ROMAN,PUNO,0.7307671033419096,-0.2634164929389954,1.783863401412964,0.6038796560976747,0.6398792922496795,0.1171151399612427,1.518237075805664,2.0472798943519592
211102,CABANA,SAN ROMAN,PUNO,1.5032394727071128,0.7997900724411011,2.20419020652771,0.4413683782604805,1.5448404550552368,0.9850220203399658,1.97985600233078,1.4044001340866088
211103,CABANILLAS,SAN ROMAN,PUNO,-1.5139955066499255,-3.237102746963501,2.273135232925415,1.0916685531711352,-1.9235604763031007,-2.51875184059143,-0.24516325458884253,5.510237979888916
211104,CARACOTO,SAN ROMAN,PUNO,0.620410477031361,0.2060086578130722,0.9836090922355651,0.21257942726357815,0.6164348661899567,0.39694281816482546,0.9034073233604432,0.7776004344224929
211105,SAN MIGUEL,SAN ROMAN,PUNO,0.7626864016056061,0.3114680960774422,1.48893461227417,0.4613840620564189,0.6251714110374451,0.3446591811068357,1.2907255619764328,1.1774665161967277
211201,SANDIA,SANDIA,PUNO,6.608851440429687,0.21335871815681456,11.432619094848633,3.0405260332901123,6.3964540481567385,2.368013324737549,10.022147521972657,11.219260376691818
211202,CUYOCUYO,SANDIA,PUNO,-1.0785595999823676,-2.5504908084869387,1.8576403379440307,1.4445518869482066,-1.647465991973877,-2.2829172563552858,1.7944743371009828,4.40813114643097
211203,LIMBANI,SANDIA,PUNO,14.827010091145834,-3.139752244949341,22.080065536499024,6.566463025512957,17.00031394958496,3.114560327529907,21.005375442504892,25.219817781448363
211204,PATAMBUCO,SANDIA,PUNO,1.1592212677001954,-3.017732763290405,6.390950393676758,2.887363063963236,0.6141029357910156,-2.150491213798523,5.803529167175293,9.408683156967163
211205,PHARA,SANDIA,PUNO,8.237845420837402,0.08288514278829098,15.559599494934082,4.673247991376923,7.040629863739014,2.9900858640670775,14.7475830078125,15.476714352145791
211206,QUIACA,SANDIA,PUNO,2.459859085083008,-1.9200564861297607,7.684518146514892,2.973328823913641,2.4110575675964356,-0.912424230277538,7.274139995574953,9.604574632644653
211207,SAN JUAN DEL ORO,SANDIA,PUNO,14.884579467773438,12.551664543151855,16.087041473388673,1.3182367913904023,15.41994857788086,13.03369197845459,16.068972167968752,3.5353769302368163
211208,YANAHUAYA,SANDIA,PUNO,11.605918329412287,4.923925876617432,15.838539505004883,2.5971594659345465,11.601286506652832,9.090752449035644,14.252000331878666,10.914613628387452
211209,ALTO INAMBARI,SANDIA,PUNO,13.512079653532606,8.993409538269043,15.733983039855957,1.6038579816327458,13.662097549438476,11.133123111724853,15.34721097946167,6.740573501586914
211210,SAN PEDRO DE PUTINA PUNCO,SANDIA,PUNO,20.192208002417125,12.467218589782714,22.53735694885254,2.8039052229105703,21.847613906860353,15.424071502685546,22.40842170715332,10.070138359069825
211301,YUNGUYO,YUNGUYO,PUNO,2.3432026863098145,0.47641374468803405,4.154933834075928,1.3620981007488735,2.623691940307617,0.5723289281129837,3.833587312698364,3.6785200893878938
211302,ANAPIA,YUNGUYO,PUNO,5.344242858886719,4.3818018436431885,5.77730541229248,0.5624579719684515,5.608932113647461,4.728420023918152,5.748314323425293,1.395503568649292
211303,COPANI,YUNGUYO,PUNO,1.152240252494812,1.152240252494812,1.152240252494812,0.0,1.152240252494812,1.152240252494812,1.152240252494812,0.0
211305,OLLARAYA,YUNGUYO,PUNO,1.0524041891098022,1.0524041891098022,1.0524041891098022,0.0,1.0524041891098022,1.0524041891098022,1.0524041891098022,0.0
220101,MOYOBAMBA,MOYOBAMBA,SAN MARTIN,18.1787283360273,15.549288940429687,19.358018112182616,0.9343141566996434,18.48740348815918,16.794596099853514,19.084799346923827,3.8087291717529297
220102,CALZADA,MOYOBAMBA,SAN MARTIN,19.060864257812497,18.922558212280272,19.172558212280272,0.1040315986328044,19.087476348876955,18.95554183959961,19.155541839599607,0.25
220103,HABANA,MOYOBAMBA,SAN MARTIN,18.96508331298828,18.87001304626465,19.060153198242187,0.09507007599170857,18.96508331298828,18.8890270614624,19.041139183044436,0.19014015197753906
220104,JEPELACIO,MOYOBAMBA,SAN MARTIN,17.321507850060094,15.7942964553833,18.732062149047852,0.8530449810608832,17.330276489257812,16.21929641723633,18.535002746582034,2.937765693664551
220105,SORITOR,MOYOBAMBA,SAN MARTIN,16.87517571700247,15.035702323913574,18.881873321533202,1.2311526519940688,16.833782958984376,15.305245895385742,18.425041732788085,3.846170997619629
220106,YANTALO,MOYOBAMBA,SAN MARTIN,19.059085845947266,19.059085845947266,19.059085845947266,0.0,19.059085845947266,19.059085845947266,19.059085845947266,0.0
220201,BELLAVISTA,BELLAVISTA,SAN MARTIN,21.463930935329863,20.430649185180663,22.30164489746094,0.5942804826468565,21.345236206054686,20.713922805786133,22.067369689941405,1.8709957122802734
220202,ALTO BIAVO,BELLAVISTA,SAN MARTIN,18.943921511856153,15.494431304931641,21.42250862121582,1.3555009647585998,19.01302719116211,17.343989486694333,20.981325073242186,5.928077316284179
220203,BAJO BIAVO,BELLAVISTA,SAN MARTIN,20.765426296657985,17.509943389892577,21.97440528869629,0.9177716151010522,20.98537712097168,19.67952537536621,21.65498161315918,4.464461898803711
220204,HUALLAGA,BELLAVISTA,SAN MARTIN,21.4422216796875,21.057963180541993,21.77549018859863,0.23415856188302078,21.437825012207032,21.159570579528808,21.74121147155762,0.7175270080566406
220205,SAN PABLO,BELLAVISTA,SAN MARTIN,21.10131454467773,20.0980167388916,21.80617561340332,0.4741438973752746,21.242408752441406,20.413908538818358,21.440065841674805,1.7081588745117187
220206,SAN RAFAEL,BELLAVISTA,SAN MARTIN,22.34059829711914,22.18313064575195,22.506018829345702,0.11805880011236906,22.33662338256836,22.21980976104736,22.464568672180178,0.32288818359375
220301,SAN JOSE DE SISA,EL DORADO,SAN MARTIN,20.171594515713778,18.043217849731445,21.26485252380371,1.054918535455946,20.551331329345704,18.53590545654297,21.198141479492186,3.2216346740722654
220302,AGUA BLANCA,EL DORADO,SAN MARTIN,20.724890747070315,19.430287551879882,21.39698028564453,0.7179359220173398,21.03791961669922,19.854243698120115,21.3458235168457,1.9666927337646485
220303,SAN MARTIN,EL DORADO,SAN MARTIN,17.335286797417535,15.13992691040039,20.66070442199707,1.5528674165919527,16.711672592163087,15.97080228805542,19.492887802124024,5.5207775115966795
220304,SANTA ROSA,EL DORADO,SAN MARTIN,20.602206802368165,19.052849578857423,21.375209426879884,0.7947479356099589,20.89740905761719,19.700504989624022,21.36040107727051,2.3223598480224608
220305,SHATOJA,EL DORADO,SAN MARTIN,21.143198013305664,21.143198013305664,21.143198013305664,0.0,21.143198013305664,21.143198013305664,21.143198013305664,0.0
220401,SAPOSOA,HUALLAGA,SAN MARTIN,19.25206642150879,16.74776420593262,21.596981811523438,1.5583085945805364,19.751114273071288,17.0634765625,21.198340225219727,4.8492176055908205
220402,ALTO SAPOSOA,HUALLAGA,SAN MARTIN,16.90755805121528,10.951994514465332,20.98550910949707,2.500400161881656,17.050701141357422,13.708489646911621,19.962824401855467,10.033514595031738
220403,EL ESLABON,HUALLAGA,SAN MARTIN,21.337862396240233,20.703604888916015,21.76010856628418,0.390966339503331,21.443868255615236,20.907350692749024,21.683569793701174,1.056503677368164
220404,PISCOYACU,HUALLAGA,SAN MARTIN,20.39744175502232,19.80402526855469,21.68492774963379,0.5608439133617628,20.261893463134765,19.95967430114746,20.96051742553711,1.8809024810791015
220405,SACANCHE,HUALLAGA,SAN MARTIN,21.01400260925293,20.479563522338868,21.714742279052736,0.4446825625483717,20.93085174560547,20.61175754547119,21.482767791748046,1.2351787567138672
220406,TINGO DE SAPOSOA,HUALLAGA,SAN MARTIN,21.703085327148436,21.51968421936035,21.88648681640625,0.18340129852444786,21.703085327148436,21.55636447906494,21.84980655670166,0.36680259704589846
220501,LAMAS,LAMAS,SAN MARTIN,20.404988861083986,19.295581436157228,21.501680755615233,0.7620473903440235,20.430165481567382,19.479886627197267,21.304914474487305,2.2060993194580076
220502,ALONSO DE ALVARADO,LAMAS,SAN MARTIN,17.552923244900175,15.569772338867187,18.818779373168944,1.000147273623203,17.588169860839844,16.050723266601562,18.422993240356444,3.2490070343017576
220503,BARRANQUITA,LAMAS,SAN MARTIN,21.72090623643663,19.255852508544923,22.40847511291504,0.8673064046332275,22.089750671386717,20.157289123535158,22.327947044372557,3.152622604370117
220504,CAYNARACHI,LAMAS,SAN MARTIN,21.6233867298473,19.00108222961426,22.85170249938965,0.9719795700809002,22.217269134521484,20.29382308959961,22.43945659637451,3.8506202697753906
220505,CUNUMBUQUI,LAMAS,SAN MARTIN,20.229732360839847,19.11843032836914,20.958739471435546,0.6953843113169061,20.3225456237793,19.401699066162106,20.944180908203126,1.8403091430664062
220506,PINTO RECODO,LAMAS,SAN MARTIN,18.314065551757814,16.06290512084961,21.05099411010742,1.3914426536540978,18.215259552001953,16.56877010345459,20.329232864379883,4.988088989257813
220507,RUMISAPA,LAMAS,SAN MARTIN,19.990486526489256,19.990486526489256,19.990486526489256,0.0,19.990486526489256,19.990486526489256,19.990486526489256,0.0
220508,SAN ROQUE DE CUMBAZA,LAMAS,SAN MARTIN,18.710332380022322,17.21402053833008,20.065647506713866,0.8513038847978741,18.831444549560548,17.61252632141113,19.777439880371094,2.851626968383789
220510,TABALOSOS,LAMAS,SAN MARTIN,18.836895243326822,17.773920440673827,20.465704345703124,0.7894486697086263,18.54026679992676,17.98986644744873,19.854866371154785,2.691783905029297
220511,ZAPATERO,LAMAS,SAN MARTIN,19.683634294782365,18.278823471069337,21.147859573364258,1.0053255727065677,19.734913635253907,18.48881660461426,21.00279724121094,2.869036102294922
220601,JUANJUI,MARISCAL CACERES,SAN MARTIN,20.829222224308893,19.894499588012696,21.5101676940918,0.42168301914463563,20.81873664855957,20.44667304992676,21.33391548156738,1.6156681060791016
220602,CAMPANILLA,MARISCAL CACERES,SAN MARTIN,18.518601831896554,13.270099258422851,22.155611419677733,2.465429841776454,19.177040100097656,14.99192964553833,21.347610626220703,8.885512161254884
220603,HUICUNGO,MARISCAL CACERES,SAN MARTIN,12.277325344382788,4.54756908416748,21.209669876098634,4.394054857823225,12.485190391540527,6.074441051483154,17.88334732055664,16.662100791931152
220604,PACHIZA,MARISCAL CACERES,SAN MARTIN,18.309291234509697,13.426342010498047,21.082151412963867,1.9749396505362626,18.83233985900879,15.396957206726075,20.367408714294434,7.65580940246582
220605,PAJARILLO,MARISCAL CACERES,SAN MARTIN,21.434095982142857,21.19736976623535,21.768095397949217,0.18470924897636626,21.436077499389647,21.22445728302002,21.70069763183594,0.5707256317138671
220701,PICOTA,PICOTA,SAN MARTIN,21.852636282784598,21.69070472717285,21.99694480895996,0.10119134709748052,21.88227310180664,21.72344512939453,21.95688430786133,0.3062400817871094
220702,BUENOS AIRES,PICOTA,SAN MARTIN,20.623015340169268,19.369734954833984,21.48920249938965,0.6748499863501427,20.90725975036621,19.796296539306642,21.38230705261231,2.119467544555664
220703,CASPISAPA,PICOTA,SAN MARTIN,21.680229949951173,21.530153656005858,21.830307006835938,0.15007667541741698,21.680229949951173,21.560168991088865,21.80029167175293,0.3001533508300781
220704,PILLUANA,PICOTA,SAN MARTIN,21.442027282714843,21.41276741027832,21.471287155151366,0.029259872444065294,21.442027282714843,21.418619384765627,21.465435180664063,0.058519744873046876
220705,PUCACACA,PICOTA,SAN MARTIN,21.51766179402669,20.96520004272461,21.832063674926758,0.29119598916624806,21.59425621032715,21.159726905822755,21.799000930786132,0.8668636322021485
220707,SAN HILARION,PICOTA,SAN MARTIN,21.9175786336263,21.816500854492187,22.087668228149415,0.12108520770420461,21.84856605529785,21.822913894653322,22.039847793579103,0.27116737365722654
220708,SHAMBOYACU,PICOTA,SAN MARTIN,19.958473423549112,18.94153594970703,21.287757110595702,0.6427214143461515,19.77522392272949,19.29554588317871,20.94407413482666,2.346221160888672
220709,TINGO DE PONASA,PICOTA,SAN MARTIN,21.398497517903643,20.795656204223633,21.802516555786134,0.3204190436158537,21.490445709228517,20.880059967041014,21.717543106079102,1.0068603515625
220710,TRES UNIDOS,PICOTA,SAN MARTIN,19.613091806265025,18.077912902832033,21.088027572631837,0.7860677915715325,19.54259834289551,18.933977813720702,20.559398193359375,3.0101146697998047
220801,RIOJA,RIOJA,SAN MARTIN,18.322518412272135,16.979337692260742,18.91313591003418,0.6757859514667189,18.646185302734374,17.462542152404787,18.85882701873779,1.9337982177734374
220802,AWAJUN,RIOJA,SAN MARTIN,15.827651977539062,7.821642875671387,19.161266326904297,3.4607950430999628,16.924055099487305,10.364469585418702,19.02873233795166,11.33962345123291
220803,ELIAS SOPLIN VARGAS,RIOJA,SAN MARTIN,15.833983939034596,11.727029800415039,19.04590606689453,2.4242056911565704,15.538744163513183,13.141788825988769,18.479544143676755,7.318876266479492
220804,NUEVA CAJAMARCA,RIOJA,SAN MARTIN,15.706034342447918,8.955955696105956,18.993766021728515,3.107704545172795,16.632043075561523,12.052928047180176,18.589222564697263,10.037810325622559
220805,PARDO MIGUEL,RIOJA,SAN MARTIN,14.269008050962938,8.469898986816407,18.261115264892577,2.8078399277704333,15.079294395446777,10.07561981201172,17.48013214111328,9.791216278076172
220806,POSIC,RIOJA,SAN MARTIN,19.094363911946616,18.824652862548827,19.27730941772461,0.19505383599545692,19.181128692626952,18.895948028564455,19.258073272705076,0.45265655517578124
220807,SAN FERNANDO,RIOJA,SAN MARTIN,19.181943511962892,19.07953643798828,19.327204132080077,0.1056708306430516,19.13909034729004,19.091447219848636,19.289581375122072,0.24766769409179687
220808,YORONGOS,RIOJA,SAN MARTIN,18.121117401123048,17.666131210327148,18.576103973388673,0.45498638153137544,18.121117401123048,17.7571284866333,18.48510669708252,0.9099727630615234
220809,YURACYACU,RIOJA,SAN MARTIN,19.459951400756836,19.455447387695312,19.46445503234863,0.004503822347200202,19.459951400756836,19.456348152160643,19.463554267883303,0.009007644653320313
220901,TARAPOTO,SAN MARTIN,SAN MARTIN,21.117980448404946,20.219443130493165,21.791728210449218,0.6613485888735708,21.34277000427246,20.444108505249027,21.701936569213863,1.5722850799560546
220902,ALBERTO LEVEAU,SAN MARTIN,SAN MARTIN,21.19339790344238,21.037093734741212,21.349702072143554,0.1563041687024042,21.19339790344238,21.068354568481446,21.318441238403317,0.31260833740234373
220903,CACATACHI,SAN MARTIN,SAN MARTIN,21.440430450439454,21.4002742767334,21.48058662414551,0.04015617371189706,21.440430450439454,21.408305511474605,21.4725553894043,0.08031234741210938
220904,CHAZUTA,SAN MARTIN,SAN MARTIN,20.66342032296317,17.678845977783205,22.074560165405273,0.9627874090376114,20.841437911987306,19.664994087219235,21.832579193115233,4.395714187622071
220905,CHIPURANA,SAN MARTIN,SAN MARTIN,22.052481356534095,21.58952751159668,22.24544563293457,0.17776820976552354,22.110776901245117,21.92103843688965,22.19611511230469,0.6559181213378906
220906,EL PORVENIR,SAN MARTIN,SAN MARTIN,22.07315511067708,21.888275146484375,22.21499137878418,0.08978062524134611,22.058703231811524,21.99591995239258,22.18138977050781,0.3267162322998047
220907,HUIMBAYOC,SAN MARTIN,SAN MARTIN,21.10846857244318,18.302065658569337,22.146994400024415,1.005707522098006,21.62724494934082,19.76104347229004,22.03631484985351,3.844928741455078
220908,JUAN GUERRA,SAN MARTIN,SAN MARTIN,21.14094009399414,20.412318801879884,21.419601821899413,0.3008793500150094,21.250369262695312,20.815760612487793,21.363749542236327,1.0072830200195313
220909,LA BANDA DE SHILCAYO,SAN MARTIN,SAN MARTIN,20.485396030970982,19.456473922729494,22.0180362701416,0.8472303267611256,20.327906799316406,19.684062576293947,21.64788330078125,2.561562347412109
220910,MORALES,SAN MARTIN,SAN MARTIN,21.701154708862305,21.701154708862305,21.701154708862305,0.0,21.701154708862305,21.701154708862305,21.701154708862305,0.0
220911,PAPAPLAYA,SAN MARTIN,SAN MARTIN,22.148583984375,21.87040786743164,22.280350494384766,0.09563877716484896,22.176210021972658,22.019461631774902,22.235286293029784,0.409942626953125
220912,SAN ANTONIO,SAN MARTIN,SAN MARTIN,20.122667694091795,19.879314041137697,20.36602210998535,0.24335403442528641,20.122667694091795,19.92798484802246,20.317351303100587,0.48670806884765627
220913,SAUCE,SAN MARTIN,SAN MARTIN,19.600174458821613,19.257968521118165,20.011044311523438,0.3114237268658873,19.531509399414062,19.31267669677734,19.91513732910156,0.7530757904052734
220914,SHAPAJA,SAN MARTIN,SAN MARTIN,20.857266235351563,20.21132698059082,21.126650619506837,0.3170546764851877,21.03890953063965,20.42487419128418,21.099039916992187,0.9153236389160156
221001,TOCACHE,TOCACHE,SAN MARTIN,18.570402832031252,12.221301078796387,21.127647399902344,2.349894791704041,19.088608932495116,15.127094802856444,20.64714126586914,8.906346321105957
221002,NUEVO PROGRESO,TOCACHE,SAN MARTIN,19.259591440054088,17.52572364807129,20.203348922729493,0.6894961042330927,19.278099060058594,18.260338973999023,20.12761745452881,2.677625274658203
221003,POLVORA,TOCACHE,SAN MARTIN,16.61372638859161,8.149049091339112,20.849760055541992,3.4570069814239957,17.46981735229492,11.72939853668213,20.364511947631836,12.70071096420288
221004,SHUNTE,TOCACHE,SAN MARTIN,9.787343401227679,5.016230869293213,15.808982849121094,3.046864063817056,8.879542541503906,6.087774696350098,14.14001621246338,10.79275197982788
221005,UCHIZA,TOCACHE,SAN MARTIN,18.692967224121094,8.463325309753419,20.34036979675293,2.727605612978019,19.71001739501953,17.551409645080568,20.302776908874513,11.877044486999512
221006,SANTA LUCIA,TOCACHE,SAN MARTIN,19.948937552315847,18.24154396057129,20.45751533508301,0.7877151702680105,20.385023498535155,18.90715316772461,20.443977203369137,2.2159713745117187
230101,TACNA,TACNA,TACNA,12.454092407226563,1.2840511798858643,16.35519313812256,3.477530771237462,13.299805831909179,6.509300270080568,15.328150444030763,15.071141958236694
230102,ALTO DE LA ALIANZA,TACNA,TACNA,11.760835571289062,3.9654633045196532,13.45698184967041,2.508633208427969,12.743707466125489,9.121496505737305,13.184295463562012,9.491518545150758
230103,CALANA,TACNA,TACNA,11.864772415161132,11.493389701843261,12.387540245056153,0.3299650167028786,11.789079856872558,11.559719371795653,12.230379562377928,0.8941505432128907
230104,CIUDAD NUEVA,TACNA,TACNA,11.816229030064173,10.62264575958252,12.727605628967286,0.6576204925225507,12.02962875366211,10.976916732788087,12.469703979492186,2.1049598693847655
230105,INCLAN,TACNA,TACNA,12.516345480213994,5.386836433410645,14.164838409423828,1.6077405398399958,12.904163551330566,10.853892517089843,13.70102949142456,8.778001976013183
230106,PACHIA,TACNA,TACNA,8.70885154322574,-0.3923223361372948,12.935387229919433,4.163963518680629,10.078683853149414,2.889555077552795,12.652935829162598,13.327709566056729
230107,PALCA,TACNA,TACNA,-2.3034716624133993,-6.900109958648682,9.634026908874512,4.344152568395762,-4.652629375457764,-6.218776340484618,4.050328540802003,16.534136867523195
230108,POCOLLAY,TACNA,TACNA,12.301860894097222,10.618823432922364,13.873744201660156,0.8187324260925107,12.286669158935547,11.663031959533692,13.192343444824218,3.254920768737793
230109,SAMA,TACNA,TACNA,15.038134765625,13.808098793029785,16.25582103729248,0.5583529268496147,15.052714729309082,14.25970615386963,15.685040168762209,2.447722244262695
230110,CORONEL GREGORIO ALBARRACIN LANCHIPA,TACNA,TACNA,14.800521850585938,13.868512916564942,15.673765563964844,0.5973588379872845,14.945009231567383,14.123309440612795,15.408186721801759,1.8052526473999024
230111,LA YARADA LOS PALOS,TACNA,TACNA,16.000762329101562,15.454211235046387,17.08338279724121,0.39501789177407964,15.934074020385742,15.598076477050778,16.443479347229005,1.6291715621948242
230201,CANDARAVE,CANDARAVE,TACNA,-4.359306534476902,-8.298265075683593,6.706962299346924,3.6389476374455185,-6.05979290008545,-6.957934188842773,1.3369836509227753,15.005227375030518
230202,CAIRANI,CANDARAVE,TACNA,-0.25178641080856323,-5.644723415374756,6.464500617980957,3.759791281887548,-0.3582305729389191,-4.141274952888489,4.580585970878601,12.109224033355712
230203,CAMILACA,CANDARAVE,TACNA,-2.2415350777762275,-5.776913833618164,2.9583080768585206,2.8275097888783236,-2.4358738899230956,-5.430071401596069,1.8029330025706465,8.735221910476685
230204,CURIBAYA,CANDARAVE,TACNA,8.13548011779785,7.150844097137451,10.003179359436036,1.321355537904657,7.2524162292480465,7.171158523559571,9.453026733398438,2.852335262298584
230205,HUANUARA,CANDARAVE,TACNA,3.998790868123373,2.5274796009063722,5.176373386383057,1.1011756318041543,4.292519474029541,2.880487575531006,4.999602603912353,2.6488937854766847
230206,QUILAHUANI,CANDARAVE,TACNA,4.741020774841308,4.741020774841308,4.741020774841308,0.0,4.741020774841308,4.741020774841308,4.741020774841308,0.0
230301,LOCUMBA,JORGE BASADRE,TACNA,13.195778547014509,12.060522651672363,14.611191940307616,0.5924876440672872,13.083456993103027,12.544699420928955,13.969999961853029,2.550669288635254
230302,ILABAYA,JORGE BASADRE,TACNA,10.189268663194445,1.7105698585510254,14.709955787658691,3.6112985157619284,10.915725326538086,4.79153847694397,14.2013653755188,12.999385929107666
230303,ITE,JORGE BASADRE,TACNA,15.359222412109375,13.135655212402344,17.365322875976563,1.0149509812201256,15.291147613525391,14.134303169250487,16.566169128417968,4.229667663574219
230401,TARATA,TARATA,TACNA,-4.995735876900809,-6.945102024078369,5.276153945922852,2.8655769308259895,-5.829624938964844,-6.657411890029908,-3.7169021916389453,12.22125597000122
230402,HEROES ALBARRACIN,TARATA,TACNA,8.727951267787388,5.258618545532227,12.213849449157715,1.6626339345933594,8.600205612182616,7.040166063308716,10.618205070495605,6.9552309036254885
230403,ESTIQUE,TARATA,TACNA,4.406302871704102,-2.8177301406860353,11.0035982131958,4.284793405681882,4.374397277832031,-2.2184544372558594,9.9189005279541,13.821328353881835
230404,ESTIQUE-PAMPA,TARATA,TACNA,5.7463860511779785,4.405406284332275,7.285700130462646,1.16526445104819,5.647218990325928,4.541502542495728,7.030603342056274,2.880293846130371
230405,SITAJARA,TARATA,TACNA,5.639105309380425,-0.42416227161884307,7.893205165863037,2.325316081581386,6.287034034729004,3.6965837901830674,7.412700634002685,8.317367437481881
230406,SUSAPAYA,TARATA,TACNA,-5.157803344726562,-8.860302066802978,2.6024710655212404,3.36037681621461,-6.36945743560791,-8.50607671737671,-0.8938113570213317,11.46277313232422
230407,TARUCACHI,TARATA,TACNA,0.7286340832710266,-3.742120122909546,4.747303581237793,3.026300163383023,0.9546763896942139,-2.4659621784090993,3.7423964428901684,8.489423704147338
230408,TICACO,TARATA,TACNA,-4.41739467274059,-6.401332950592041,2.0675548791885374,2.739251071857401,-5.636997985839844,-6.33153018951416,0.39492685794830323,8.468887829780579
240101,TUMBES,TUMBES,TUMBES,21.88285903930664,21.679916763305663,22.05494842529297,0.13557023889075728,21.8982852935791,21.736365203857424,22.017011604309083,0.3750316619873047
240102,CORRALES,TUMBES,TUMBES,22.303752899169922,21.952010726928712,22.524846267700195,0.21520808023530097,22.369076919555663,22.066444664001466,22.488801269531248,0.5728355407714844
240103,LA CRUZ,TUMBES,TUMBES,22.187770080566406,22.0934268951416,22.309848403930665,0.09121804957318543,22.160036468505858,22.10674880981445,22.279886016845705,0.2164215087890625
240104,PAMPAS DE HOSPITAL,TUMBES,TUMBES,20.730944558848506,19.50310516357422,22.45240936279297,0.8755380992617756,20.786188507080077,19.6491658782959,21.787464294433594,2.94930419921875
240105,SAN JACINTO,TUMBES,TUMBES,20.901372006064967,17.6501895904541,22.63453025817871,1.4486358144631466,21.433829879760744,19.236252746582032,22.30848213195801,4.984340667724609
240106,SAN JUAN DE LA VIRGEN,TUMBES,TUMBES,21.458961181640625,21.233555603027344,21.63336753845215,0.14081590346656098,21.44066047668457,21.30422897338867,21.61081428527832,0.3998119354248047
240201,ZORRITOS,CONTRALMIRANTE VILLAR,TUMBES,21.828075617009944,21.447193908691407,22.09945068359375,0.1739575702754794,21.837348556518556,21.624832954406738,22.040776710510254,0.6522567749023438
240202,CASITAS,CONTRALMIRANTE VILLAR,TUMBES,20.814100748697918,18.193022155761717,21.898121643066407,0.9448455076316555,20.983659744262695,19.22732250213623,21.74189044952393,3.7050994873046874
240203,CANOAS DE PUNTA SAL,CONTRALMIRANTE VILLAR,TUMBES,21.538195479543585,21.087360000610353,21.8714542388916,0.20369326961990114,21.529473876953126,21.306062316894533,21.797563018798826,0.78409423828125
240301,ZARUMILLA,ZARUMILLA,TUMBES,22.645908203125,22.584201049804687,22.70984001159668,0.046952833464056924,22.64963607788086,22.59355438232422,22.697216567993163,0.1256389617919922
240302,AGUAS VERDES,ZARUMILLA,TUMBES,22.688586044311524,22.688586044311524,22.688586044311524,0.0,22.688586044311524,22.688586044311524,22.688586044311524,0.0
240303,MATAPALO,ZARUMILLA,TUMBES,20.749748992919923,19.59369239807129,22.126367568969727,0.7583808443587596,20.730741882324217,19.751473159790038,21.550135383605955,2.5326751708984374
240304,PAPAYAL,ZARUMILLA,TUMBES,21.996878923688616,21.583807373046874,22.32761917114258,0.2617638831634551,22.047528076171876,21.64888580322265,22.30123229980469,0.7438117980957031
250101,CALLERIA,CORONEL PORTILLO,UCAYALI,21.940507710509138,21.11906509399414,22.47430992126465,0.2150445924404055,21.95523910522461,21.6747403717041,22.181764907836914,1.3552448272705078
250102,CAMPOVERDE,CORONEL PORTILLO,UCAYALI,21.91120784108232,21.55579490661621,22.176005172729493,0.14595036504636,21.91807289123535,21.72642250061035,22.110433197021486,0.6202102661132812
250103,IPARIA,CORONEL PORTILLO,UCAYALI,21.693639936603482,15.129653549194336,22.593006896972657,1.3976655269091978,22.162000274658205,20.363025970458985,22.395927619934078,7.4633533477783205
250104,MASISEA,CORONEL PORTILLO,UCAYALI,22.10384209329522,21.674090576171874,23.0155460357666,0.16228834099304298,22.10549430847168,21.906508255004884,22.27421760559082,1.3414554595947266
250105,YARINACOCHA,CORONEL PORTILLO,UCAYALI,22.1517339070638,21.923588943481445,22.398858261108398,0.1429690433578958,22.143167114257814,21.969373664855958,22.35388114929199,0.4752693176269531
250106,NUEVA REQUENA,CORONEL PORTILLO,UCAYALI,22.053294836956518,21.581370544433593,22.339437103271486,0.14526128968999313,22.071814727783202,21.881955032348635,22.190654067993165,0.7580665588378906
250107,MANANTAY,CORONEL PORTILLO,UCAYALI,22.176074773615056,21.890296936035156,22.354672241210938,0.13342737510163508,22.206706237792968,21.984067268371582,22.321574707031253,0.46437530517578124
250201,RAIMONDI,ATALAYA,UCAYALI,21.357975124215482,15.227869415283203,22.656603622436524,1.8263529699021586,22.165520858764648,17.69294208526611,22.502401847839355,7.428734207153321
250202,SEPAHUA,ATALAYA,UCAYALI,22.152578806322676,20.980138778686523,22.623644256591795,0.2473214395477422,22.17061538696289,21.841581115722658,22.44197654724121,1.6435054779052733
250203,TAHUANIA,ATALAYA,UCAYALI,21.855083847045897,15.921058845520019,22.62055892944336,1.2118637980588722,22.203337478637696,21.165193939208983,22.479559326171874,6.69950008392334
250204,YURUA,ATALAYA,UCAYALI,22.06506865530303,21.742527770996094,22.27400131225586,0.10533070561822103,22.07718734741211,21.91544532775879,22.19380416870117,0.5314735412597656
250301,PADRE ABAD,PADRE ABAD,UCAYALI,20.12213833800748,15.585734939575195,22.343115234375,1.9545610209893323,20.8108829498291,16.900611114501952,22.004142074584962,6.7573802947998045
250302,IRAZOLA,PADRE ABAD,UCAYALI,22.097315240675407,21.48694839477539,22.322860336303712,0.153513076703595,22.12681427001953,21.89493263244629,22.255463371276857,0.8359119415283203
250303,CURIMANA,PADRE ABAD,UCAYALI,22.027528036794354,21.757618713378907,22.194359970092773,0.11369258134532696,22.04541358947754,21.84958095550537,22.154177017211914,0.4367412567138672
250304,NESHUYA,PADRE ABAD,UCAYALI,21.937903109463782,21.727420806884766,22.18037528991699,0.1334358989907577,21.905812072753907,21.771169891357424,22.1406530380249,0.4529544830322266
250305,ALEXANDER VON HUMBOLDT,PADRE ABAD,UCAYALI,21.86290740966797,21.730025863647462,21.94694595336914,0.08088023588512408,21.89298324584961,21.75620746612549,21.939532661437987,0.2169200897216797
250306,HUIPOCA,PADRE ABAD,UCAYALI,22.090904405381945,21.916061782836913,22.266233062744142,0.09019840935065829,22.10694580078125,21.978192214965823,22.17991687774658,0.3501712799072266
250307,BOQUERON,PADRE ABAD,UCAYALI,17.90508679841694,14.919733619689941,21.5482608795166,1.71047862252157,17.815663528442382,15.770541458129884,19.830036849975585,6.62852725982666
250401,PURUS,PURUS,UCAYALI,21.863619044569674,21.4662166595459,22.127752685546874,0.13799692725531396,21.874851989746094,21.669308853149413,22.026528778076177,0.6615360260009766
